molecular_weight,alogp,topological_polar_surface_area,hydrogen_bond_donors,hydrogen_bond_acceptors,MolWt_rdkit,LogP_rdkit,TPSA_rdkit,HDonors_rdkit,HAcceptors_rdkit,RotBonds_rdkit,Lipinski_violations,Lipinski_pass,Veber_pass,Triage_label
101.19,1.25,12.03,1,1,101.19299999999998,1.2519,12.03,1.0,1.0,3.0,0,True,True,High-priority
102.09,-0.25,43.37,0,3,102.08899999999998,-0.2516,43.370000000000005,0.0,3.0,2.0,0,True,True,High-priority
108.14,1.7,9.23,0,1,108.13999999999996,1.6952,9.23,0.0,1.0,1.0,0,True,True,High-priority
108.18,2.67,0.0,0,0,108.18399999999998,2.6728000000000014,0.0,0.0,0.0,0.0,0,True,True,High-priority
111.1,-0.24,72.03,2,4,111.104,-0.2356000000000001,72.03,2.0,4.0,0.0,0,True,True,High-priority
112.13,1.04,37.3,1,1,112.128,1.0372,37.3,1.0,1.0,1.0,0,True,True,High-priority
114.23,3.08,0.0,0,0,114.232,3.0786000000000016,0.0,0.0,0.0,3.0,0,True,True,High-priority
118.13,0.23,57.53,2,2,118.13199999999998,0.2319999999999999,57.53,2.0,2.0,3.0,0,True,True,High-priority
122.21,2.92,0.0,0,0,122.21099999999996,2.918800000000002,0.0,0.0,0.0,1.0,0,True,True,High-priority
124.14,0.16,34.89,0,3,124.14299999999996,0.1614999999999998,34.89,0.0,2.0,2.0,0,True,True,High-priority
125.13,-0.07,37.38,0,2,125.12699999999997,-0.0686999999999999,37.38,0.0,2.0,1.0,0,True,True,High-priority
127.19,0.43,61.9,3,3,127.191,0.4340700000000002,61.9,3.0,3.0,3.0,0,True,True,High-priority
128.13,-0.15,46.53,1,3,128.12699999999998,-0.1479999999999999,46.53,1.0,3.0,1.0,0,True,True,High-priority
128.21,2.12,20.23,1,1,128.21499999999995,2.1152,20.23,1.0,1.0,5.0,0,True,True,High-priority
130.19,1.6,26.3,0,2,130.18699999999998,1.5956,26.3,0.0,2.0,3.0,0,True,True,High-priority
131.18,2.14,23.79,0,1,131.17799999999997,2.14278,23.79,0.0,1.0,2.0,0,True,True,High-priority
135.13,1.15,54.71,1,3,135.126,1.1455,54.71,1.0,3.0,1.0,0,True,True,High-priority
135.13,0.93,51.81,0,4,135.126,0.9262199999999998,51.81,0.0,4.0,0.0,0,True,True,High-priority
135.13,0.21,65.67,2,3,135.126,0.20695,65.67,2.0,3.0,0.0,0,True,True,High-priority
136.24,1.55,23.06,0,2,136.241,1.5467,23.06,0.0,2.0,2.0,0,True,True,High-priority
138.21,2.08,17.82,0,2,138.214,2.08084,17.82,0.0,1.0,1.0,0,True,True,High-priority
139.24,1.93,12.03,1,1,139.242,1.9286,12.03,1.0,1.0,0.0,0,True,True,High-priority
142.16,2.04,39.58,1,1,142.16099999999997,2.03958,39.58,1.0,1.0,0.0,0,True,True,High-priority
154.25,2.67,20.23,1,1,154.253,2.6698000000000013,20.23,1.0,1.0,4.0,0,True,True,High-priority
154.25,2.19,20.23,1,1,154.253,2.1935000000000007,20.23,1.0,1.0,0.0,0,True,True,High-priority
155.2,0.56,40.54,1,2,155.197,0.5552999999999997,40.54,1.0,2.0,1.0,0,True,True,High-priority
156.14,0.3,80.92,4,4,156.13699999999997,0.2956999999999999,80.92,4.0,4.0,1.0,0,True,True,High-priority
156.22,2.11,34.14,0,2,156.225,2.1149,34.14,0.0,2.0,7.0,0,True,True,High-priority
156.31,4.39,0.0,0,0,156.313,4.393000000000004,0.0,0.0,0.0,7.0,0,True,True,High-priority
157.3,3.09,26.02,1,1,157.301,3.0858000000000008,26.02,1.0,1.0,8.0,0,True,True,High-priority
160.17,2.1,30.21,0,2,160.172,2.10142,30.21,0.0,2.0,0.0,0,True,True,High-priority
161.16,1.23,53.09,2,2,161.16,1.2336999999999998,53.09,2.0,2.0,0.0,0,True,True,High-priority
161.16,1.87,53.09,2,1,161.16,1.8661,53.09,2.0,1.0,1.0,0,True,True,High-priority
161.16,1.38,56.23,1,3,161.16,1.3752,56.23,1.0,3.0,0.0,0,True,True,High-priority
162.14,1.32,61.83,0,5,162.14099999999996,1.316,61.83,0.0,5.0,2.0,0,True,True,High-priority
162.32,3.7,0.0,0,2,162.32299999999998,3.699900000000003,0.0,0.0,2.0,4.0,0,True,True,High-priority
163.18,0.25,69.62,1,5,163.184,0.2539199999999998,69.62,1.0,4.0,0.0,0,True,True,High-priority
164.3,0.57,38.05,2,2,164.299,0.5727000000000002,38.05,2.0,2.0,4.0,0,True,True,High-priority
164.34,3.19,0.0,1,2,164.33899999999997,3.1856000000000018,0.0,1.0,2.0,5.0,0,True,True,High-priority
167.21,0.61,38.33,1,3,167.208,0.6100999999999999,38.33,1.0,3.0,1.0,0,True,True,High-priority
168.19,1.02,60.69,3,3,168.19199999999998,1.0210999999999997,60.69,3.0,3.0,2.0,0,True,True,High-priority
168.24,1.37,37.3,1,2,168.236,1.3724999999999998,37.3,1.0,2.0,0.0,0,True,True,High-priority
168.24,0.94,40.46,2,2,168.23600000000002,0.9418999999999996,40.46,2.0,2.0,1.0,0,True,True,High-priority
168.32,4.42,0.0,0,0,168.32399999999996,4.415000000000004,0.0,0.0,0.0,6.0,0,True,True,High-priority
170.25,2.66,26.3,0,2,170.25199999999998,2.6624000000000008,26.3,0.0,2.0,3.0,0,True,True,High-priority
174.2,3.08,22.37,0,2,174.19899999999998,3.0844000000000014,22.37,0.0,2.0,2.0,0,True,True,High-priority
174.24,1.49,46.53,1,3,174.23999999999998,1.4907,46.53,1.0,3.0,6.0,0,True,True,High-priority
176.17,-0.22,83.83,2,4,176.16799999999998,-0.2248000000000001,83.83,2.0,4.0,4.0,0,True,True,High-priority
176.17,-2.64,101.15,5,5,176.168,-2.637700000000001,101.15,5.0,5.0,1.0,0,True,True,High-priority
178.23,2.38,26.3,0,2,178.23099999999997,2.3821000000000003,26.3,0.0,2.0,3.0,0,True,True,High-priority
178.23,2.65,37.3,1,1,178.231,2.6549000000000014,37.3,1.0,1.0,4.0,0,True,True,High-priority
180.16,-2.46,118.22,5,5,180.156,-2.4639,118.22,5.0,5.0,5.0,0,True,True,High-priority
182.17,0.66,77.76,3,4,182.175,0.6612999999999998,77.76,3.0,4.0,2.0,0,True,True,High-priority
182.22,1.47,54.37,1,2,182.21899999999997,1.4664,54.370000000000005,1.0,2.0,1.0,0,True,True,High-priority
182.31,3.28,17.07,0,1,182.307,3.283800000000002,17.07,0.0,1.0,2.0,0,True,True,High-priority
184.28,3.21,37.3,1,1,184.27899999999997,3.211700000000002,37.3,1.0,1.0,5.0,0,True,True,High-priority
184.28,2.93,26.3,0,2,184.279,2.9320000000000013,26.3,0.0,2.0,5.0,0,True,True,High-priority
186.21,2.47,37.3,1,1,186.21,2.4669000000000008,37.3,1.0,1.0,2.0,0,True,True,High-priority
189.22,2.09,45.03,0,3,189.218,2.08622,45.03,0.0,3.0,2.0,0,True,True,High-priority
189.22,2.07,45.56,0,3,189.218,2.0660000000000003,45.56,0.0,3.0,2.0,0,True,True,High-priority
189.22,1.15,63.4,2,3,189.218,1.1478,63.39999999999999,2.0,3.0,2.0,0,True,True,High-priority
189.26,3.15,21.26,1,2,189.258,3.151300000000001,21.26,1.0,2.0,0.0,0,True,True,High-priority
190.15,-2.01,129.72,4,4,190.155,-2.0108,129.72,4.0,4.0,4.0,0,True,True,High-priority
190.2,0.98,65.98,2,3,190.202,0.9763999999999996,65.98,2.0,3.0,1.0,0,True,True,High-priority
192.21,1.55,35.53,0,3,192.214,1.5532,35.53,0.0,3.0,2.0,0,True,True,High-priority
192.29,1.72,24.39,2,3,192.28699999999995,1.7151999999999994,24.39,2.0,3.0,1.0,0,True,True,High-priority
192.31,2.99,25.78,0,2,192.306,2.990460000000001,25.78,0.0,2.0,3.0,0,True,True,High-priority
196.2,0.17,59.06,1,4,196.202,0.1723999999999999,59.06,1.0,4.0,0.0,0,True,True,High-priority
198.17,0.33,97.99,4,4,198.17399999999995,0.3307999999999999,97.99,4.0,4.0,3.0,0,True,True,High-priority
198.22,-0.15,66.76,2,4,198.218,-0.1510000000000001,66.76,2.0,4.0,1.0,0,True,True,High-priority
198.22,0.89,74.6,2,3,198.218,0.8915,74.6,2.0,3.0,4.0,0,True,True,High-priority
200.23,0.59,66.76,2,4,200.234,0.5851,66.75999999999999,2.0,4.0,3.0,0,True,True,High-priority
200.23,0.24,66.76,2,4,200.234,0.2390999999999999,66.76,2.0,4.0,3.0,0,True,True,High-priority
201.27,2.41,29.1,1,2,201.269,2.413100000000001,29.1,1.0,2.0,3.0,0,True,True,High-priority
202.25,1.03,66.76,2,3,202.25,1.0256,66.76,2.0,3.0,4.0,0,True,True,High-priority
202.25,-0.05,92.42,3,3,202.254,-0.049299999999999,92.42,3.0,3.0,6.0,0,True,True,High-priority
203.2,1.94,59.42,1,3,203.197,1.9416,59.42,1.0,3.0,2.0,0,True,True,High-priority
204.22,2.57,46.53,1,2,204.225,2.569,46.53,1.0,2.0,1.0,0,True,True,High-priority
204.36,4.73,0.0,0,0,204.357,4.7252000000000045,0.0,0.0,0.0,1.0,0,True,True,High-priority
206.2,1.35,66.76,2,4,206.197,1.349,66.76,2.0,4.0,0.0,0,True,True,High-priority
206.24,2.36,46.53,1,3,206.241,2.3627400000000005,46.53,1.0,3.0,1.0,0,True,True,High-priority
206.27,2.67,30.21,0,3,206.266,2.673800000000001,30.21,0.0,3.0,2.0,0,True,True,High-priority
206.33,4.05,17.07,0,1,206.329,4.048300000000003,17.07,0.0,1.0,4.0,0,True,True,High-priority
208.21,-2.18,99.38,4,6,208.21,-2.175599999999999,99.38,4.0,6.0,4.0,0,True,True,High-priority
208.21,0.67,74.6,2,4,208.21299999999997,0.6675,74.6,2.0,4.0,2.0,0,True,True,High-priority
208.3,3.64,22.37,0,2,208.301,3.638220000000002,22.37,0.0,2.0,2.0,0,True,True,High-priority
210.32,2.71,37.3,1,2,210.317,2.708900000000001,37.3,1.0,2.0,3.0,0,True,True,High-priority
211.26,3.64,25.02,1,1,211.264,3.6381200000000016,25.02,1.0,1.0,1.0,0,True,True,High-priority
211.26,1.0,61.77,1,3,211.265,1.0027,61.77,1.0,3.0,2.0,0,True,True,High-priority
212.29,4.08,17.07,0,1,212.292,4.084120000000003,17.07,0.0,1.0,2.0,0,True,True,High-priority
214.13,1.22,115.74,1,6,214.133,1.2171999999999998,115.74,1.0,6.0,3.0,0,True,True,High-priority
214.22,0.35,64.99,1,5,214.217,0.3547999999999999,64.99000000000001,1.0,5.0,5.0,0,True,True,High-priority
216.28,1.39,78.89,2,4,216.281,1.3945,78.89,2.0,4.0,7.0,0,True,True,High-priority
217.27,-0.97,118.44,4,4,217.269,-0.966399999999998,118.44,4.0,4.0,8.0,0,True,True,High-priority
217.29,1.21,66.4,2,3,217.29,1.2106,66.4,2.0,3.0,6.0,0,True,True,High-priority
218.17,0.99,90.92,0,6,218.172,0.9879999999999998,90.92,0.0,5.0,3.0,0,True,True,High-priority
218.29,1.24,66.76,2,4,218.29299999999992,1.2449,66.76,2.0,4.0,10.0,0,True,True,High-priority
218.34,4.19,17.07,0,1,218.33999999999995,4.192400000000003,17.07,0.0,1.0,0.0,0,True,True,High-priority
219.95,-4.51,79.95,0,6,219.947,-4.5136,79.94999999999999,0.0,4.0,0.0,0,True,True,High-priority
220.18,1.19,83.83,2,5,220.18,1.1871999999999998,83.83000000000001,2.0,5.0,1.0,0,True,True,High-priority
220.31,2.92,34.14,0,2,220.31199999999995,2.9171000000000014,34.14,0.0,2.0,1.0,0,True,True,High-priority
220.49,4.13,15.79,1,0,220.486,4.128100000000001,15.79,1.0,0.0,0.0,0,True,True,High-priority
220.5,2.99,26.02,1,1,220.497,2.99312,26.02,1.0,1.0,0.0,0,True,True,High-priority
222.37,3.92,20.23,1,1,222.372,3.920000000000004,20.23,1.0,1.0,0.0,0,True,True,High-priority
223.23,1.66,86.63,3,3,223.228,1.6615,86.63000000000001,3.0,3.0,6.0,0,True,True,High-priority
224.21,1.51,83.83,2,5,224.212,1.5115999999999998,83.83000000000001,2.0,5.0,3.0,0,True,True,High-priority
224.21,-0.22,72.83,1,5,224.212,-0.2194999999999999,72.83000000000001,1.0,5.0,0.0,0,True,True,High-priority
226.23,0.78,79.9,2,5,226.228,0.7800199999999999,79.9,2.0,5.0,0.0,0,True,True,High-priority
226.32,2.44,46.53,1,3,226.316,2.4354000000000005,46.53,1.0,3.0,7.0,0,True,True,High-priority
227.26,0.94,38.66,0,2,227.263,0.9358,38.66,0.0,2.0,0.0,0,True,True,High-priority
229.23,2.66,48.42,0,4,229.235,2.6605000000000008,48.42,0.0,4.0,3.0,0,True,True,High-priority
229.28,2.28,38.33,1,2,229.279,2.2761,38.33,1.0,2.0,2.0,0,True,True,High-priority
231.25,1.93,59.31,1,3,231.251,1.9312,59.31,1.0,3.0,2.0,0,True,True,High-priority
232.28,2.68,47.28,0,3,232.27899999999997,2.676840000000001,47.28,0.0,3.0,1.0,0,True,True,High-priority
232.29,4.13,28.68,1,1,232.286,4.1293200000000025,28.68,1.0,1.0,0.0,0,True,True,High-priority
232.3,3.63,26.3,0,3,232.304,3.6263000000000014,26.3,0.0,3.0,3.0,0,True,True,High-priority
232.31,-0.46,49.8,2,2,232.307,-0.4591999999999989,49.8,2.0,2.0,0.0,0,True,True,High-priority
232.32,3.24,26.3,0,2,232.32299999999992,3.2406000000000024,26.3,0.0,2.0,0.0,0,True,True,High-priority
232.37,4.27,17.07,0,1,232.367,4.272300000000004,17.07,0.0,1.0,0.0,0,True,True,High-priority
233.35,4.17,32.59,1,2,233.35499999999996,4.165300000000003,32.59,1.0,2.0,0.0,0,True,True,High-priority
233.35,3.0,33.12,1,2,233.355,3.0009200000000016,33.120000000000005,1.0,2.0,3.0,0,True,True,High-priority
234.29,0.62,60.69,3,3,234.295,0.6214,60.69,3.0,3.0,6.0,0,True,True,High-priority
234.34,3.7,33.37,1,2,234.33899999999997,3.696900000000003,33.370000000000005,1.0,2.0,4.0,0,True,True,High-priority
234.34,3.03,26.3,0,2,234.33899999999997,3.033900000000002,26.3,0.0,2.0,1.0,0,True,True,High-priority
234.34,3.32,26.3,0,2,234.339,3.320500000000002,26.3,0.0,2.0,0.0,0,True,True,High-priority
234.39,2.25,15.27,1,2,234.38699999999992,2.248900000000001,15.27,1.0,2.0,0.0,0,True,True,High-priority
235.19,2.02,93.58,1,5,235.195,2.0236399999999994,93.58,1.0,5.0,1.0,0,True,True,High-priority
236.19,-1.4,109.98,2,6,236.187,-1.3993000000000002,109.98,2.0,4.0,1.0,0,True,True,High-priority
236.22,1.0,76.74,1,5,236.223,0.9973999999999998,76.74000000000001,1.0,5.0,1.0,0,True,True,High-priority
236.27,2.68,63.6,1,3,236.267,2.6846200000000007,63.60000000000001,1.0,3.0,5.0,0,True,True,High-priority
236.31,1.89,54.37,1,3,236.31099999999995,1.8895,54.37,1.0,3.0,1.0,0,True,True,High-priority
236.35,2.81,40.46,2,2,236.355,2.810900000000001,40.46,2.0,2.0,0.0,0,True,True,High-priority
237.3,0.99,47.36,0,5,237.303,0.9934999999999996,47.36,0.0,4.0,2.0,0,True,True,High-priority
238.24,1.81,64.99,1,4,238.239,1.8102,64.99000000000001,1.0,4.0,5.0,0,True,True,High-priority
238.37,2.72,40.46,2,2,238.37099999999995,2.7247000000000017,40.46,2.0,2.0,0.0,0,True,True,High-priority
238.37,2.89,40.46,2,2,238.37099999999995,2.892400000000001,40.46,2.0,2.0,2.0,0,True,True,High-priority
238.37,3.06,40.46,2,2,238.37099999999995,3.056900000000002,40.46,2.0,2.0,1.0,0,True,True,High-priority
238.37,2.89,40.46,2,2,238.371,2.8924000000000016,40.46,2.0,2.0,4.0,0,True,True,High-priority
238.37,2.89,40.46,2,2,238.371,2.8908000000000014,40.46,2.0,2.0,1.0,0,True,True,High-priority
238.37,2.58,40.46,2,2,238.371,2.5806000000000013,40.46,2.0,2.0,0.0,0,True,True,High-priority
239.31,2.27,66.4,2,2,239.315,2.2684000000000006,66.4,2.0,2.0,8.0,0,True,True,High-priority
239.36,2.96,29.54,0,2,239.35899999999995,2.963800000000001,29.540000000000003,0.0,2.0,5.0,0,True,True,High-priority
239.45,5.0,3.24,0,1,239.447,4.999900000000005,3.24,0.0,1.0,8.0,0,True,True,High-priority
240.26,3.63,39.44,0,3,240.258,3.632620000000002,39.44,0.0,3.0,1.0,0,True,True,High-priority
240.3,3.87,18.46,0,2,240.302,3.8742000000000023,18.46,0.0,2.0,4.0,0,True,True,High-priority
240.31,-0.81,126.64,4,6,240.306,-0.8083999999999993,126.64,4.0,6.0,7.0,0,True,True,High-priority
241.29,3.02,42.09,1,2,241.29,3.0207200000000016,42.09,1.0,2.0,0.0,0,True,True,High-priority
242.31,1.98,63.6,1,4,242.315,1.9841,63.60000000000001,1.0,4.0,0.0,0,True,True,High-priority
242.32,2.57,29.46,1,2,242.318,2.569200000000001,29.46,1.0,2.0,2.0,0,True,True,High-priority
242.32,3.45,41.99,1,2,242.322,3.4541200000000023,41.99,1.0,2.0,3.0,0,True,True,High-priority
242.32,2.07,62.04,3,2,242.322,2.0735,62.040000000000006,3.0,2.0,2.0,0,True,True,High-priority
243.44,3.77,18.46,0,2,243.44299999999996,3.7737000000000025,18.46,0.0,2.0,3.0,0,True,True,High-priority
244.25,2.34,66.76,2,4,244.246,2.337400000000001,66.76,2.0,4.0,3.0,0,True,True,High-priority
244.34,1.82,25.24,0,3,244.33799999999997,1.8199,25.24,0.0,2.0,0.0,0,True,True,High-priority
244.39,1.9,41.13,2,3,244.385,1.9047,41.13,2.0,3.0,4.0,0,True,True,High-priority
245.12,2.1,34.14,0,2,245.116,2.0982000000000003,34.14,0.0,2.0,0.0,0,True,True,High-priority
248.32,2.5,43.37,0,3,248.32199999999995,2.499500000000001,43.370000000000005,0.0,3.0,0.0,0,True,True,High-priority
248.32,3.93,57.53,2,2,248.322,3.929900000000004,57.53,2.0,2.0,6.0,0,True,True,High-priority
248.32,2.52,46.53,1,3,248.322,2.5216000000000003,46.53,1.0,3.0,0.0,0,True,True,High-priority
248.37,3.28,29.46,1,2,248.366,3.278400000000002,29.46,1.0,2.0,0.0,0,True,True,High-priority
248.41,4.96,20.23,1,1,248.41000000000005,4.9626000000000055,20.23,1.0,1.0,8.0,0,True,True,High-priority
249.27,2.9,58.9,1,4,249.273,2.900800000000001,58.900000000000006,1.0,4.0,2.0,0,True,True,High-priority
250.21,0.68,96.97,2,6,250.206,0.6821999999999999,96.97,2.0,6.0,3.0,0,True,True,High-priority
250.29,1.54,63.6,1,4,250.29399999999995,1.5360999999999998,63.6,1.0,4.0,1.0,0,True,True,High-priority
250.32,1.86,41.52,0,3,250.31899999999996,1.859,41.52,0.0,3.0,1.0,0,True,True,High-priority
250.34,1.96,41.99,1,3,250.3379999999999,1.9586,41.99,1.0,3.0,0.0,0,True,True,High-priority
250.34,1.68,57.53,2,3,250.33799999999997,1.6813,57.53,2.0,3.0,1.0,0,True,True,High-priority
250.34,2.54,49.83,1,3,250.33799999999997,2.5421000000000005,49.83,1.0,3.0,1.0,0,True,True,High-priority
250.34,2.09,49.83,1,3,250.338,2.0862,49.83,1.0,3.0,1.0,0,True,True,High-priority
250.34,3.26,46.53,1,3,250.338,3.2609000000000017,46.53,1.0,3.0,6.0,0,True,True,High-priority
250.34,2.29,46.53,1,3,250.338,2.291300000000001,46.53,1.0,3.0,0.0,0,True,True,High-priority
250.68,0.64,72.83,1,5,250.678,0.6387,72.83000000000001,1.0,5.0,7.0,0,True,True,High-priority
251.28,2.34,75.63,2,3,251.282,2.3370000000000006,75.63,2.0,3.0,3.0,0,True,True,High-priority
251.35,3.2,8.29,0,1,251.35300000000004,3.2003600000000016,8.29,0.0,0.0,2.0,0,True,True,High-priority
252.31,-0.31,66.38,1,6,252.307,-0.3148999999999993,66.38000000000001,1.0,6.0,10.0,0,True,True,High-priority
252.31,3.82,26.3,0,2,252.313,3.8248000000000015,26.3,0.0,2.0,4.0,0,True,True,High-priority
253.35,0.61,36.02,0,3,253.34599999999992,0.6071000000000004,36.02,0.0,3.0,4.0,0,True,True,High-priority
254.24,1.46,104.06,3,5,254.238,1.4623199999999998,104.06000000000002,3.0,5.0,5.0,0,True,True,High-priority
254.25,2.81,79.38,2,5,254.245,2.8148000000000013,79.38000000000001,2.0,5.0,2.0,0,True,True,High-priority
254.28,3.72,38.69,1,3,254.285,3.7158000000000015,38.69,1.0,3.0,2.0,0,True,True,High-priority
254.29,2.74,51.22,1,3,254.289,2.7421000000000006,51.22,1.0,3.0,4.0,0,True,True,High-priority
254.37,2.1,52.99,2,3,254.36999999999995,2.1020000000000008,52.99,2.0,3.0,1.0,0,True,True,High-priority
256.26,2.55,67.51,1,4,256.257,2.553000000000001,67.51,1.0,4.0,1.0,0,True,True,High-priority
256.3,3.18,38.69,1,3,256.301,3.1750000000000007,38.69,1.0,3.0,2.0,0,True,True,High-priority
256.34,1.94,66.76,2,4,256.342,1.9404,66.76,2.0,4.0,0.0,0,True,True,High-priority
256.39,1.94,60.69,3,3,256.386,1.9415,60.69,3.0,3.0,1.0,0,True,True,High-priority
256.39,4.28,17.07,0,1,256.38899999999995,4.279100000000004,17.07,0.0,1.0,5.0,0,True,True,High-priority
258.23,2.37,79.9,2,5,258.229,2.3660000000000005,79.9,2.0,5.0,1.0,0,True,True,High-priority
258.32,2.88,51.21,0,3,258.31699999999995,2.882600000000001,51.21,0.0,3.0,5.0,0,True,True,High-priority
258.36,2.59,66.76,2,3,258.35799999999995,2.586000000000001,66.76,2.0,3.0,4.0,0,True,True,High-priority
259.26,-1.73,123.17,4,7,259.258,-1.7272200000000006,123.17000000000002,4.0,7.0,4.0,0,True,True,High-priority
259.35,2.73,71.93,1,4,259.353,2.729380000000001,71.92999999999999,1.0,4.0,3.0,0,True,True,High-priority
259.39,3.17,23.47,1,2,259.39300000000003,3.169500000000002,23.47,1.0,2.0,2.0,0,True,True,High-priority
260.42,4.31,20.23,1,1,260.421,4.312420000000004,20.23,1.0,1.0,3.0,0,True,True,High-priority
262.26,1.36,79.9,2,5,262.261,1.3582999999999998,79.9,2.0,5.0,1.0,0,True,True,High-priority
262.31,3.26,67.51,1,3,262.305,3.2581000000000016,67.51,1.0,3.0,1.0,0,True,True,High-priority
262.35,3.36,35.53,0,3,262.34899999999993,3.3588000000000022,35.53,0.0,3.0,1.0,0,True,True,High-priority
262.35,3.76,46.53,1,3,262.349,3.7638000000000025,46.53,1.0,3.0,2.0,0,True,True,High-priority
262.35,3.92,65.18,2,2,262.35300000000007,3.917100000000002,65.18,2.0,2.0,3.0,0,True,True,High-priority
263.25,2.1,92.79,2,5,263.249,2.1017,92.79,2.0,5.0,4.0,0,True,True,High-priority
263.38,3.53,38.33,1,2,263.381,3.527800000000002,38.33,1.0,2.0,8.0,0,True,True,High-priority
264.32,1.49,66.76,2,4,264.3209999999999,1.4939999999999998,66.76,2.0,4.0,1.0,0,True,True,High-priority
264.32,1.61,63.6,1,4,264.321,1.6144,63.6,1.0,4.0,0.0,0,True,True,High-priority
264.32,3.14,66.76,2,3,264.321,3.1422000000000017,66.76,2.0,3.0,2.0,0,True,True,High-priority
264.32,1.18,66.76,2,4,264.321,1.1821999999999997,66.76,2.0,4.0,0.0,0,True,True,High-priority
264.32,1.04,66.76,2,4,264.321,1.0381,66.76,2.0,4.0,0.0,0,True,True,High-priority
264.32,1.68,66.76,2,4,264.321,1.6754999999999998,66.75999999999999,2.0,4.0,0.0,0,True,True,High-priority
264.37,4.68,17.07,0,1,264.368,4.681900000000004,17.07,0.0,1.0,7.0,0,True,True,High-priority
264.41,2.44,32.34,1,3,264.413,2.4368,32.34,1.0,3.0,6.0,0,True,True,High-priority
264.71,3.11,39.44,0,3,264.708,3.113900000000002,39.44,0.0,3.0,1.0,0,True,True,High-priority
265.35,2.41,47.56,1,3,265.353,2.4086000000000007,47.56,1.0,3.0,7.0,0,True,True,High-priority
265.36,0.46,92.26,3,5,265.357,0.4591,92.26,3.0,5.0,4.0,0,True,True,High-priority
266.09,3.52,45.73,1,3,266.094,3.5172000000000017,45.73,1.0,3.0,2.0,0,True,True,High-priority
266.3,0.3,88.52,2,5,266.297,0.2977999999999994,88.52,2.0,5.0,6.0,0,True,True,High-priority
266.34,1.41,66.76,2,4,266.33699999999993,1.4062,66.76,2.0,4.0,1.0,0,True,True,High-priority
266.35,2.83,56.21,1,4,266.348,2.82756,56.21,1.0,3.0,2.0,0,True,True,High-priority
266.39,3.53,15.6,0,2,266.388,3.534600000000003,15.6,0.0,2.0,1.0,0,True,True,High-priority
268.27,2.82,75.21,2,3,268.272,2.8225000000000007,75.21000000000001,2.0,3.0,3.0,0,True,True,High-priority
268.31,3.46,43.37,0,3,268.312,3.464900000000002,43.370000000000005,0.0,3.0,1.0,0,True,True,High-priority
268.35,1.81,77.76,3,3,268.3529999999999,1.8146,77.76,3.0,3.0,3.0,0,True,True,High-priority
268.35,2.27,77.76,3,3,268.35299999999995,2.2657,77.76,3.0,3.0,3.0,0,True,True,High-priority
268.35,2.73,47.92,1,4,268.353,2.7314000000000007,47.92,1.0,4.0,3.0,0,True,True,High-priority
269.3,-0.79,102.18,5,6,269.297,-0.7931800000000009,102.18,5.0,6.0,3.0,0,True,True,High-priority
269.3,1.89,58.56,2,3,269.3,1.8896,58.56,2.0,3.0,2.0,0,True,True,High-priority
270.24,1.34,87.74,2,5,270.24,1.3353199999999998,87.74000000000001,2.0,5.0,0.0,0,True,True,High-priority
270.24,3.67,86.28,0,4,270.244,3.6734000000000018,86.28,0.0,4.0,4.0,0,True,True,High-priority
270.25,-2.19,131.2,5,9,270.245,-2.189399999999999,131.20000000000002,5.0,9.0,2.0,0,True,True,High-priority
270.33,3.51,54.37,1,3,270.3279999999999,3.5115000000000025,54.37,1.0,3.0,0.0,0,True,True,High-priority
271.27,2.27,78.62,1,5,271.272,2.2746000000000004,78.62,1.0,5.0,3.0,0,True,True,High-priority
271.36,3.42,30.49,1,3,271.36,3.424800000000002,30.49,1.0,3.0,7.0,0,True,True,High-priority
271.36,-1.07,73.83,3,5,271.36099999999993,-1.0653999999999977,73.83,3.0,5.0,4.0,0,True,True,High-priority
272.31,4.16,46.01,1,3,272.307,4.155600000000002,46.010000000000005,1.0,3.0,1.0,0,True,True,High-priority
272.33,0.12,68.73,0,5,272.3260000000001,0.1207999999999995,68.73,0.0,5.0,3.0,0,True,True,High-priority
272.35,2.77,44.12,0,4,272.348,2.7676000000000016,44.120000000000005,0.0,3.0,4.0,0,True,True,High-priority
272.35,1.61,32.78,0,3,272.348,1.6138,32.78,0.0,3.0,2.0,0,True,True,High-priority
274.36,4.24,46.53,1,3,274.36,4.241700000000003,46.53,1.0,3.0,6.0,0,True,True,High-priority
274.41,4.51,17.07,0,3,274.41,4.505720000000003,17.07,0.0,3.0,3.0,0,True,True,High-priority
275.26,1.28,112.41,3,5,275.264,1.27802,112.41,3.0,5.0,5.0,0,True,True,High-priority
275.38,1.72,18.9,1,1,275.375,1.717899999999999,18.9,1.0,0.0,4.0,0,True,True,High-priority
275.72,2.42,49.28,0,3,275.71500000000003,2.4187199999999995,49.28,0.0,2.0,2.0,0,True,True,High-priority
276.29,1.28,65.13,0,5,276.28799999999995,1.2774,65.13,0.0,5.0,0.0,0,True,True,High-priority
276.29,4.51,43.35,0,3,276.291,4.5146200000000025,43.35,0.0,3.0,1.0,0,True,True,High-priority
276.38,2.98,57.53,2,2,276.37600000000003,2.984700000000001,57.53,2.0,2.0,1.0,0,True,True,High-priority
278.26,0.54,107.22,4,6,278.26,0.5357999999999996,107.22,4.0,6.0,0.0,0,True,True,High-priority
278.3,0.51,83.83,2,5,278.304,0.5052999999999999,83.83,2.0,5.0,0.0,0,True,True,High-priority
278.31,3.98,47.28,0,3,278.307,3.983520000000003,47.28,0.0,3.0,0.0,0,True,True,High-priority
278.35,1.84,55.76,1,4,278.348,1.8379,55.760000000000005,1.0,4.0,1.0,0,True,True,High-priority
278.35,3.96,26.3,0,2,278.35099999999994,3.9566200000000022,26.3,0.0,2.0,0.0,0,True,True,High-priority
278.35,1.79,50.8,1,4,278.35200000000003,1.7901999999999998,50.8,1.0,4.0,5.0,0,True,True,High-priority
278.39,3.72,42.6,1,3,278.392,3.716700000000003,42.6,1.0,3.0,2.0,0,True,True,High-priority
278.4,2.17,58.29,2,4,278.3960000000001,2.1662,58.290000000000006,2.0,4.0,7.0,0,True,True,High-priority
278.44,4.99,29.6,0,2,278.436,4.986000000000005,29.6,0.0,2.0,9.0,0,True,True,High-priority
279.25,0.33,114.28,2,6,279.25200000000007,0.3275999999999999,114.28,2.0,5.0,5.0,0,True,True,High-priority
279.34,2.9,66.84,1,3,279.336,2.8968000000000016,66.84,1.0,3.0,4.0,0,True,True,High-priority
279.38,2.89,55.4,1,3,279.38,2.891000000000001,55.4,1.0,3.0,9.0,0,True,True,High-priority
280.32,0.15,86.99,3,5,280.31999999999994,0.1545999999999996,86.99000000000001,3.0,5.0,1.0,0,True,True,High-priority
280.32,1.46,64.99,1,5,280.32,1.4609,64.99000000000001,1.0,5.0,3.0,0,True,True,High-priority
280.36,2.06,55.76,1,4,280.36400000000003,2.0603,55.760000000000005,1.0,4.0,1.0,0,True,True,High-priority
281.22,-0.92,134.51,3,7,281.22400000000005,-0.9192000000000002,134.51,3.0,6.0,4.0,0,True,True,High-priority
282.25,0.61,129.77,3,5,282.252,0.6076000000000001,129.77,3.0,5.0,6.0,0,True,True,High-priority
282.29,-0.23,96.22,3,6,282.29200000000003,-0.2277000000000005,96.22,3.0,6.0,4.0,0,True,True,High-priority
282.3,2.58,63.6,1,4,282.295,2.5825000000000005,63.6,1.0,4.0,2.0,0,True,True,High-priority
282.34,0.73,86.99,3,5,282.336,0.7262,86.99000000000001,3.0,5.0,0.0,0,True,True,High-priority
282.34,3.91,35.53,0,3,282.339,3.9083200000000025,35.53,0.0,3.0,5.0,0,True,True,High-priority
283.33,2.49,66.4,2,2,283.327,2.4854000000000003,66.4,2.0,2.0,5.0,0,True,True,High-priority
284.27,2.62,83.83,2,5,284.26700000000005,2.6168000000000005,83.83000000000001,2.0,5.0,2.0,0,True,True,High-priority
284.31,3.13,74.6,2,3,284.311,3.131800000000001,74.6,2.0,3.0,4.0,0,True,True,High-priority
284.31,3.18,56.51,0,4,284.31100000000004,3.1816200000000023,56.510000000000005,0.0,4.0,5.0,0,True,True,High-priority
284.35,1.08,83.83,2,5,284.35200000000003,1.078799999999999,83.83000000000001,2.0,5.0,5.0,0,True,True,High-priority
284.36,3.53,43.37,0,3,284.355,3.5325200000000025,43.370000000000005,0.0,3.0,0.0,0,True,True,High-priority
284.74,2.96,78.43,3,2,284.743,2.9608,78.43,3.0,2.0,5.0,0,True,True,High-priority
285.43,4.95,29.1,1,2,285.431,4.952120000000004,29.1,1.0,2.0,4.0,0,True,True,High-priority
285.61,2.15,40.46,2,2,285.609,2.1467,40.46,2.0,2.0,2.0,0,True,True,High-priority
286.28,-0.33,127.45,5,7,286.28000000000003,-0.33438,127.45000000000002,5.0,7.0,5.0,0,True,True,High-priority
286.34,4.95,49.44,0,4,286.338,4.952900000000004,49.44,0.0,4.0,3.0,0,True,True,High-priority
286.41,4.96,29.46,1,2,286.415,4.955600000000004,29.46,1.0,2.0,2.0,0,True,True,High-priority
287.32,4.36,64.92,2,2,287.322,4.355480000000002,64.92,2.0,2.0,2.0,0,True,True,High-priority
287.36,1.97,77.64,2,5,287.363,1.96658,77.64,2.0,5.0,5.0,0,True,True,High-priority
288.39,3.74,49.69,2,3,288.387,3.7416000000000023,49.69,2.0,3.0,4.0,0,True,True,High-priority
289.13,1.29,75.27,2,3,289.129,1.2934999999999997,75.27000000000001,2.0,3.0,3.0,0,True,True,High-priority
290.25,1.25,107.3,3,6,290.25100000000003,1.24869,107.3,3.0,6.0,3.0,0,True,True,High-priority
290.32,3.52,68.15,2,5,290.31500000000005,3.524140000000002,68.15,2.0,5.0,4.0,0,True,True,High-priority
290.32,1.3,95.5,3,3,290.319,1.3012,95.5,3.0,3.0,6.0,0,True,True,High-priority
290.36,2.93,52.6,0,4,290.359,2.926300000000001,52.6,0.0,4.0,1.0,0,True,True,High-priority
291.44,3.53,49.33,2,2,291.435,3.534500000000002,49.33,2.0,2.0,10.0,0,True,True,High-priority
291.44,2.44,39.6,1,4,291.439,2.4389200000000004,39.6,1.0,4.0,2.0,0,True,True,High-priority
292.33,2.13,68.9,1,5,292.331,2.1300000000000003,68.9,1.0,5.0,5.0,0,True,True,High-priority
293.28,3.68,60.28,1,4,293.278,3.6800000000000015,60.28,1.0,4.0,1.0,0,True,True,High-priority
293.35,2.71,47.25,0,4,293.351,2.7144000000000004,47.25,0.0,3.0,1.0,0,True,True,High-priority
294.36,1.42,88.33,1,5,294.355,1.4152999999999998,88.33,1.0,5.0,6.0,0,True,True,High-priority
294.44,3.56,6.48,0,2,294.44199999999995,3.555100000000002,6.48,0.0,2.0,0.0,0,True,True,High-priority
294.48,3.29,58.28,3,3,294.48299999999995,3.2896,58.28,3.0,3.0,10.0,0,True,True,High-priority
295.42,1.77,49.77,1,4,295.423,1.7687999999999997,49.77,1.0,4.0,2.0,0,True,True,High-priority
296.32,-0.39,91.82,2,6,296.319,-0.3938000000000001,91.82,2.0,6.0,1.0,0,True,True,High-priority
296.36,1.94,68.15,2,5,296.363,1.9429,68.15,2.0,5.0,8.0,0,True,True,High-priority
296.36,0.74,75.99,2,5,296.36300000000006,0.7444999999999999,75.99000000000001,2.0,5.0,3.0,0,True,True,High-priority
297.27,-1.84,125.04,3,5,297.267,-1.8355999999999977,125.04,3.0,5.0,5.0,0,True,True,High-priority
297.31,3.62,69.67,0,5,297.314,3.616620000000002,69.67,0.0,4.0,4.0,0,True,True,High-priority
297.35,-0.35,91.18,4,6,297.351,-0.3451999999999997,91.18,4.0,6.0,5.0,0,True,True,High-priority
297.35,2.7,80.39,2,3,297.354,2.702700000000001,80.39000000000001,2.0,3.0,7.0,0,True,True,High-priority
297.35,1.71,60.77,2,3,297.35400000000004,1.7052999999999998,60.77000000000001,2.0,3.0,3.0,0,True,True,High-priority
297.4,3.84,38.33,1,2,297.398,3.836400000000003,38.33,1.0,2.0,7.0,0,True,True,High-priority
298.3,2.59,70.54,0,6,298.29800000000006,2.5868,70.54,0.0,6.0,3.0,0,True,True,High-priority
298.38,4.2,49.69,2,3,298.3820000000001,4.204400000000003,49.69,2.0,3.0,0.0,0,True,True,High-priority
298.39,2.17,68.29,1,6,298.389,2.1711,68.28999999999999,1.0,6.0,5.0,0,True,True,High-priority
298.42,2.66,66.76,2,4,298.423,2.656400000000001,66.76,2.0,4.0,5.0,0,True,True,High-priority
299.37,3.68,38.77,0,3,299.37,3.6789200000000015,38.77,0.0,3.0,5.0,0,True,True,High-priority
300.31,2.6,64.99,1,5,300.31,2.5974000000000013,64.99000000000001,1.0,5.0,4.0,0,True,True,High-priority
300.31,3.26,68.15,2,5,300.31000000000006,3.2619000000000016,68.15,2.0,5.0,3.0,0,True,True,High-priority
300.4,-0.66,74.19,3,6,300.399,-0.6599999999999984,74.19,3.0,6.0,5.0,0,True,True,High-priority
301.34,1.19,51.16,1,5,301.3420000000001,1.1867,51.16000000000001,1.0,5.0,1.0,0,True,True,High-priority
301.39,0.79,54.34,1,4,301.3900000000001,0.7935999999999994,54.34,1.0,3.0,1.0,0,True,True,High-priority
302.4,0.61,75.71,1,5,302.3960000000001,0.6101000000000001,75.71000000000001,1.0,5.0,5.0,0,True,True,High-priority
302.41,3.62,49.69,2,3,302.41400000000004,3.6178000000000026,49.69,2.0,3.0,1.0,0,True,True,High-priority
302.44,3.21,26.3,0,2,302.43800000000005,3.2119000000000018,26.3,0.0,2.0,3.0,0,True,True,High-priority
303.31,2.45,77.88,1,6,303.314,2.4453000000000005,77.88000000000001,1.0,6.0,4.0,0,True,True,High-priority
303.4,2.87,38.77,0,4,303.40200000000004,2.873100000000001,38.77,0.0,4.0,5.0,0,True,True,High-priority
304.3,2.13,104.06,3,6,304.298,2.1293,104.06000000000002,3.0,6.0,5.0,0,True,True,High-priority
304.38,1.28,92.64,3,5,304.375,1.2841999999999996,92.64,3.0,4.0,3.0,0,True,True,High-priority
304.39,3.65,52.6,0,4,304.386,3.6518000000000015,52.6,0.0,4.0,7.0,0,True,True,High-priority
304.43,4.52,46.53,1,3,304.42999999999995,4.5168200000000045,46.53,1.0,3.0,4.0,0,True,True,High-priority
304.47,4.71,40.46,2,2,304.47400000000005,4.705100000000005,40.46,2.0,2.0,6.0,0,True,True,High-priority
304.47,4.39,40.46,2,2,304.4740000000001,4.393300000000004,40.46,2.0,2.0,0.0,0,True,True,High-priority
305.33,4.11,59.42,1,3,305.333,4.112000000000002,59.42,1.0,3.0,4.0,0,True,True,High-priority
305.34,2.74,67.34,1,4,305.337,2.743000000000001,67.34,1.0,4.0,2.0,0,True,True,High-priority
306.27,0.51,106.2,2,7,306.27,0.5113999999999999,106.20000000000002,2.0,7.0,2.0,0,True,True,High-priority
306.32,3.7,56.51,0,4,306.317,3.697700000000002,56.51,0.0,4.0,4.0,0,True,True,High-priority
306.36,2.52,69.67,0,5,306.35800000000006,2.519000000000001,69.67000000000002,0.0,5.0,5.0,0,True,True,High-priority
306.37,3.53,54.59,1,4,306.36500000000007,3.5252000000000017,54.59,1.0,3.0,3.0,0,True,True,High-priority
306.49,4.93,40.46,2,2,306.49000000000007,4.927500000000005,40.46,2.0,2.0,1.0,0,True,True,High-priority
306.7,3.33,79.9,2,5,306.701,3.3278200000000013,79.9,2.0,5.0,1.0,0,True,True,High-priority
307.35,1.79,77.77,1,5,307.346,1.7866999999999995,77.77,1.0,5.0,3.0,0,True,True,High-priority
307.39,2.16,83.47,2,3,307.39000000000004,2.1633999999999998,83.47,2.0,3.0,5.0,0,True,True,High-priority
307.4,3.24,57.78,2,2,307.397,3.2445000000000013,57.78,2.0,2.0,7.0,0,True,True,High-priority
308.37,1.83,72.83,1,5,308.37400000000014,1.8328999999999995,72.83000000000001,1.0,5.0,1.0,0,True,True,High-priority
308.38,3.83,38.5,0,4,308.3810000000001,3.8259000000000025,38.5,0.0,4.0,4.0,0,True,True,High-priority
308.42,3.18,66.76,2,4,308.418,3.180320000000002,66.76,2.0,4.0,8.0,0,True,True,High-priority
309.45,0.9,36.02,0,4,309.45400000000006,0.8958000000000013,36.02,0.0,4.0,3.0,0,True,True,High-priority
310.3,3.16,65.74,0,5,310.30499999999995,3.1586000000000016,65.74,0.0,5.0,4.0,0,True,True,High-priority
310.35,1.86,93.06,2,6,310.346,1.862,93.06000000000002,2.0,6.0,6.0,0,True,True,High-priority
310.35,2.63,77.76,3,4,310.349,2.6340000000000017,77.76,3.0,4.0,0.0,0,True,True,High-priority
310.36,1.47,95.59,3,5,310.361,1.4653999999999996,95.59,3.0,5.0,7.0,0,True,True,High-priority
311.34,2.62,75.48,1,4,311.341,2.619700000000001,75.48,1.0,4.0,4.0,0,True,True,High-priority
312.32,3.49,57.9,0,5,312.321,3.485800000000002,57.900000000000006,0.0,5.0,4.0,0,True,True,High-priority
312.36,-0.07,99.38,4,6,312.36200000000014,-0.0716400000000001,99.38,4.0,6.0,4.0,0,True,True,High-priority
312.42,2.8,68.16,2,3,312.4170000000001,2.800180000000001,68.16,2.0,3.0,4.0,0,True,True,High-priority
314.21,2.91,113.29,3,4,314.211,2.9054000000000024,113.29000000000002,3.0,4.0,8.0,0,True,True,High-priority
314.29,2.89,89.13,2,6,314.293,2.8884000000000016,89.13000000000001,2.0,6.0,3.0,0,True,True,High-priority
314.29,2.89,89.13,2,6,314.29300000000006,2.888400000000001,89.13000000000001,2.0,6.0,3.0,0,True,True,High-priority
314.38,-0.21,99.38,4,6,314.3780000000001,-0.2063000000000006,99.38,4.0,6.0,3.0,0,True,True,High-priority
315.33,1.68,96.61,2,4,315.32500000000005,1.68234,96.61,2.0,4.0,5.0,0,True,True,High-priority
315.33,1.04,68.23,1,6,315.32500000000005,1.0428999999999995,68.23,1.0,6.0,0.0,0,True,True,High-priority
315.38,1.82,80.53,2,6,315.377,1.8216,80.53,2.0,6.0,4.0,0,True,True,High-priority
315.46,1.67,18.95,0,4,315.4610000000002,1.6658000000000002,18.950000000000003,0.0,4.0,3.0,0,True,True,High-priority
316.27,2.29,120.36,4,7,316.26500000000004,2.291000000000001,120.36,4.0,7.0,2.0,0,True,True,High-priority
316.31,2.64,82.06,1,6,316.3090000000001,2.641,82.06000000000002,1.0,6.0,4.0,0,True,True,High-priority
316.31,2.47,89.13,2,6,316.3090000000001,2.4697200000000006,89.13000000000001,2.0,6.0,3.0,0,True,True,High-priority
316.44,4.63,38.83,0,3,316.441,4.6326000000000045,38.83,0.0,3.0,0.0,0,True,True,High-priority
316.44,4.16,57.53,2,3,316.44100000000003,4.156800000000003,57.53,2.0,3.0,1.0,0,True,True,High-priority
316.44,3.33,54.37,1,3,316.4410000000001,3.326200000000002,54.370000000000005,1.0,3.0,1.0,0,True,True,High-priority
316.44,3.88,57.53,2,2,316.44100000000014,3.877300000000002,57.53,2.0,2.0,3.0,0,True,True,High-priority
317.43,3.24,38.77,0,4,317.4290000000001,3.238100000000002,38.77,0.0,4.0,5.0,0,True,True,High-priority
318.33,4.39,56.51,0,4,318.32800000000003,4.394900000000003,56.510000000000005,0.0,4.0,5.0,0,True,True,High-priority
318.37,2.35,71.03,2,5,318.3730000000001,2.3497000000000003,71.02999999999999,2.0,5.0,3.0,0,True,True,High-priority
318.46,3.86,54.37,1,3,318.457,3.8604000000000025,54.370000000000005,1.0,3.0,6.0,0,True,True,High-priority
318.46,4.02,46.53,1,3,318.45700000000005,4.019400000000004,46.53,1.0,3.0,2.0,0,True,True,High-priority
318.46,4.14,43.37,0,3,318.45700000000005,4.139800000000004,43.370000000000005,0.0,3.0,2.0,0,True,True,High-priority
318.46,2.93,57.53,2,3,318.45700000000005,2.931500000000001,57.53,2.0,3.0,1.0,0,True,True,High-priority
318.46,3.26,57.53,2,3,318.45700000000005,3.262100000000002,57.53,2.0,3.0,1.0,0,True,True,High-priority
318.46,4.16,46.53,1,3,318.4570000000001,4.161900000000004,46.53,1.0,3.0,2.0,0,True,True,High-priority
319.45,2.61,42.07,0,4,319.4450000000001,2.6092000000000004,42.07,0.0,4.0,2.0,0,True,True,High-priority
319.45,2.61,42.07,0,4,319.4450000000001,2.6092000000000004,42.07,0.0,4.0,2.0,0,True,True,High-priority
320.39,3.47,58.2,2,4,320.39200000000005,3.468000000000001,58.2,2.0,4.0,3.0,0,True,True,High-priority
320.43,3.06,63.6,1,4,320.429,3.055900000000001,63.6,1.0,4.0,4.0,0,True,True,High-priority
320.47,4.05,38.69,1,3,320.473,4.051600000000003,38.69,1.0,3.0,0.0,0,True,True,High-priority
320.47,4.57,57.53,2,2,320.4730000000001,4.568700000000004,57.53,2.0,2.0,5.0,0,True,True,High-priority
321.29,-0.49,129.34,4,7,321.285,-0.4942000000000002,129.34,4.0,7.0,3.0,0,True,True,High-priority
321.34,2.54,84.22,2,5,321.33600000000007,2.540400000000001,84.22,2.0,4.0,4.0,0,True,True,High-priority
322.36,0.76,88.66,1,6,322.3570000000001,0.7606999999999997,88.66,1.0,6.0,2.0,0,True,True,High-priority
323.35,1.34,62.74,0,4,323.35200000000003,1.338,62.74000000000001,0.0,4.0,2.0,0,True,True,High-priority
323.39,0.88,76.07,1,6,323.38899999999995,0.8825999999999998,76.07,1.0,6.0,0.0,0,True,True,High-priority
324.34,3.07,68.73,0,5,324.336,3.066620000000001,68.73,0.0,5.0,2.0,0,True,True,High-priority
324.37,-0.01,104.06,3,6,324.373,-0.0130000000000005,104.06,3.0,6.0,1.0,0,True,True,High-priority
324.42,2.01,48.63,2,4,324.424,2.0068,48.63,2.0,3.0,2.0,0,True,True,High-priority
324.43,-1.14,76.12,2,5,324.42500000000007,-1.1356999999999964,76.11999999999999,2.0,5.0,4.0,0,True,True,High-priority
324.43,0.94,60.85,1,5,324.4270000000001,0.9393999999999996,60.85000000000001,1.0,5.0,3.0,0,True,True,High-priority
324.5,3.67,60.69,3,3,324.505,3.669600000000003,60.69,3.0,3.0,4.0,0,True,True,High-priority
325.39,2.74,66.62,2,6,325.3930000000001,2.744300000000001,66.62,2.0,5.0,2.0,0,True,True,High-priority
325.41,1.91,47.24,0,4,325.4120000000001,1.91254,47.24,0.0,2.0,2.0,0,True,True,High-priority
325.41,-0.76,84.67,2,8,325.4130000000001,-0.7633999999999979,84.67,2.0,7.0,6.0,0,True,True,High-priority
326.35,-0.4,108.61,4,7,326.345,-0.3976000000000004,108.61,4.0,7.0,6.0,0,True,True,High-priority
326.35,2.17,84.33,2,4,326.35200000000003,2.1672199999999995,84.33,2.0,4.0,6.0,0,True,True,High-priority
326.39,3.9,69.92,3,4,326.3920000000001,3.903420000000003,69.92,3.0,4.0,0.0,0,True,True,High-priority
326.4,1.95,70.99,1,4,326.40000000000003,1.9543,70.99000000000001,1.0,3.0,2.0,0,True,True,High-priority
326.44,3.4,50.16,1,3,326.444,3.4049000000000023,50.16,1.0,2.0,2.0,0,True,True,High-priority
327.36,4.42,48.22,0,4,327.35600000000005,4.415300000000004,48.22,0.0,4.0,5.0,0,True,True,High-priority
327.41,2.98,47.48,0,6,327.40900000000005,2.975500000000001,47.48,0.0,6.0,3.0,0,True,True,High-priority
327.42,1.99,58.56,2,3,327.4240000000001,1.9875,58.56,2.0,3.0,0.0,0,True,True,High-priority
328.32,2.18,96.22,3,6,328.3200000000001,2.1833,96.22,3.0,6.0,4.0,0,True,True,High-priority
328.36,-0.47,119.61,5,7,328.361,-0.4702000000000002,119.61,5.0,7.0,6.0,0,True,True,High-priority
328.36,3.38,65.74,0,5,328.36400000000003,3.384500000000002,65.74000000000001,0.0,5.0,3.0,0,True,True,High-priority
328.37,3.27,80.56,2,4,328.36800000000005,3.265900000000001,80.56,2.0,3.0,4.0,0,True,True,High-priority
328.41,3.95,63.6,1,4,328.4080000000001,3.951900000000003,63.6,1.0,4.0,1.0,0,True,True,High-priority
328.41,-1.61,104.47,4,7,328.4090000000001,-1.6057999999999977,104.47,4.0,7.0,6.0,0,True,True,High-priority
329.4,2.89,62.16,2,5,329.396,2.8867000000000016,62.16,2.0,5.0,4.0,0,True,True,High-priority
330.29,1.23,99.13,1,7,330.29200000000003,1.2269199999999998,99.13000000000002,1.0,7.0,2.0,0,True,True,High-priority
330.29,1.34,99.13,1,7,330.2920000000001,1.3431,99.13000000000002,1.0,7.0,3.0,0,True,True,High-priority
330.38,3.05,72.2,1,5,330.38000000000005,3.0465000000000013,72.2,1.0,5.0,6.0,0,True,True,High-priority
330.43,2.05,67.43,2,5,330.42800000000005,2.0464,67.43,2.0,5.0,2.0,0,True,True,High-priority
330.47,4.71,49.69,2,3,330.468,4.706600000000005,49.69,2.0,3.0,4.0,0,True,True,High-priority
330.47,3.84,54.37,1,3,330.4680000000001,3.8384000000000023,54.37,1.0,3.0,1.0,0,True,True,High-priority
331.37,2.62,94.91,2,4,331.36799999999994,2.616000000000001,94.91,2.0,4.0,8.0,0,True,True,High-priority
331.37,1.29,71.39,2,6,331.3680000000001,1.2853,71.39000000000001,2.0,6.0,1.0,0,True,True,High-priority
331.41,2.55,66.84,1,3,331.4120000000001,2.5457,66.84,1.0,3.0,6.0,0,True,True,High-priority
331.46,3.69,66.4,2,2,331.456,3.686300000000002,66.39999999999999,2.0,2.0,4.0,0,True,True,High-priority
331.46,3.69,49.77,1,3,331.4560000000001,3.690000000000002,49.77,1.0,3.0,4.0,0,True,True,High-priority
332.35,1.31,82.06,1,6,332.352,1.3149999999999995,82.06,1.0,6.0,4.0,0,True,True,High-priority
332.35,2.84,77.38,2,6,332.3520000000001,2.8423000000000007,77.38000000000001,2.0,6.0,4.0,0,True,True,High-priority
332.4,2.91,94.83,3,5,332.396,2.9094000000000007,94.83,3.0,5.0,5.0,0,True,True,High-priority
332.44,3.49,63.6,1,4,332.44000000000005,3.4850000000000025,63.60000000000001,1.0,4.0,0.0,0,True,True,High-priority
332.44,2.66,55.76,1,4,332.44000000000005,2.657400000000001,55.760000000000005,1.0,4.0,0.0,0,True,True,High-priority
332.44,3.6,59.06,1,4,332.44000000000005,3.6034000000000015,59.06,1.0,4.0,0.0,0,True,True,High-priority
332.44,2.59,74.6,2,4,332.4400000000001,2.586800000000001,74.6,2.0,4.0,2.0,0,True,True,High-priority
332.44,2.91,66.76,2,4,332.44000000000017,2.910300000000001,66.76,2.0,4.0,2.0,0,True,True,High-priority
333.34,1.63,105.84,2,5,333.3400000000001,1.63352,105.84,2.0,5.0,7.0,0,True,True,High-priority
333.43,2.23,86.63,3,3,333.42800000000017,2.2333,86.63000000000001,3.0,3.0,7.0,0,True,True,High-priority
334.28,0.2,119.36,2,8,334.28000000000014,0.2001,119.36,2.0,8.0,2.0,0,True,True,High-priority
334.37,2.96,61.19,0,5,334.37499999999994,2.961520000000001,61.190000000000005,0.0,4.0,5.0,0,True,True,High-priority
334.41,2.44,83.83,2,5,334.4120000000001,2.4447,83.83,2.0,5.0,8.0,0,True,True,High-priority
334.42,1.95,78.87,2,4,334.41600000000005,1.9519,78.87,2.0,4.0,4.0,0,True,True,High-priority
334.42,3.87,43.26,1,3,334.4190000000001,3.8652000000000033,43.260000000000005,1.0,2.0,3.0,0,True,True,High-priority
334.46,3.95,67.51,1,4,334.456,3.953900000000004,67.50999999999999,1.0,4.0,7.0,0,True,True,High-priority
334.46,3.2,80.92,4,4,334.4560000000001,3.196200000000002,80.92,4.0,4.0,3.0,0,True,True,High-priority
334.46,3.79,66.76,2,4,334.45600000000013,3.792100000000003,66.75999999999999,2.0,4.0,5.0,0,True,True,High-priority
334.5,3.57,57.53,2,3,334.50000000000006,3.5660000000000025,57.53,2.0,3.0,1.0,0,True,True,High-priority
334.5,4.18,46.53,1,3,334.50000000000006,4.180800000000004,46.53,1.0,3.0,2.0,0,True,True,High-priority
334.5,3.57,57.53,2,3,334.5000000000001,3.5660000000000025,57.53,2.0,3.0,1.0,0,True,True,High-priority
335.36,-0.18,125.55,4,9,335.3640000000001,-0.1841000000000003,125.55,4.0,8.0,5.0,0,True,True,High-priority
336.39,3.05,58.64,1,3,336.3910000000001,3.054500000000001,58.64,1.0,3.0,3.0,0,True,True,High-priority
336.39,2.95,63.35,2,4,336.3910000000001,2.9532000000000007,63.35000000000001,2.0,4.0,3.0,0,True,True,High-priority
336.47,3.79,59.06,1,4,336.47200000000004,3.7852000000000015,59.06,1.0,4.0,3.0,0,True,True,High-priority
336.47,1.86,80.92,4,4,336.47200000000004,1.8586,80.92,4.0,4.0,0.0,0,True,True,High-priority
336.47,3.92,66.76,2,3,336.47200000000004,3.9224000000000014,66.76,2.0,3.0,2.0,0,True,True,High-priority
337.46,1.87,71.09,2,5,337.46,1.872299999999999,71.09,2.0,5.0,5.0,0,True,True,High-priority
338.36,3.74,65.74,0,5,338.359,3.7448200000000025,65.74000000000001,0.0,5.0,5.0,0,True,True,High-priority
338.36,3.74,53.99,0,5,338.3590000000001,3.7444000000000015,53.99000000000001,0.0,5.0,2.0,0,True,True,High-priority
338.41,1.77,58.64,1,4,338.40700000000004,1.7705,58.64000000000001,1.0,4.0,1.0,0,True,True,High-priority
338.41,2.99,58.64,1,3,338.4070000000001,2.991000000000001,58.64000000000001,1.0,3.0,6.0,0,True,True,High-priority
338.45,1.45,70.08,1,4,338.4480000000001,1.4482000000000002,70.08,1.0,4.0,6.0,0,True,True,High-priority
339.35,1.77,96.53,3,4,339.35100000000006,1.7744999999999995,96.53,3.0,4.0,4.0,0,True,True,High-priority
339.39,3.75,60.69,1,5,339.391,3.7509000000000015,60.69,1.0,4.0,4.0,0,True,True,High-priority
339.39,3.73,60.7,1,4,339.39100000000013,3.730920000000003,60.7,1.0,4.0,6.0,0,True,True,High-priority
339.48,4.18,21.7,0,3,339.47900000000016,4.183200000000004,21.700000000000003,0.0,3.0,1.0,0,True,True,High-priority
340.38,2.63,68.15,2,5,340.37500000000006,2.626240000000001,68.15,2.0,5.0,0.0,0,True,True,High-priority
340.38,3.91,75.99,2,5,340.3750000000001,3.9079000000000015,75.99,2.0,5.0,1.0,0,True,True,High-priority
340.42,2.41,57.72,2,4,340.423,2.4112,57.72,2.0,4.0,1.0,0,True,True,High-priority
340.46,4.06,43.37,0,3,340.46300000000014,4.063300000000004,43.370000000000005,0.0,3.0,1.0,0,True,True,High-priority
340.47,2.74,37.63,1,4,340.4670000000001,2.7392000000000016,37.63,1.0,3.0,1.0,0,True,True,High-priority
341.36,2.33,69.18,2,6,341.3630000000001,2.3333000000000004,69.18,2.0,6.0,2.0,0,True,True,High-priority
341.36,2.14,76.07,1,5,341.3630000000001,2.1408,76.07000000000001,1.0,5.0,5.0,0,True,True,High-priority
341.5,3.79,29.54,0,3,341.4950000000001,3.786500000000003,29.540000000000003,0.0,3.0,0.0,0,True,True,High-priority
342.15,2.15,91.76,1,5,342.1450000000001,2.15442,91.76,1.0,5.0,4.0,0,True,True,High-priority
342.35,2.55,97.75,2,6,342.35100000000006,2.5485000000000007,97.75,2.0,6.0,4.0,0,True,True,High-priority
342.44,-1.22,104.47,4,7,342.4360000000001,-1.2156999999999982,104.47,4.0,7.0,7.0,0,True,True,High-priority
343.39,3.44,63.39,0,5,343.39,3.4410000000000016,63.39,0.0,4.0,3.0,0,True,True,High-priority
343.43,1.47,70.67,2,4,343.427,1.471,70.67,2.0,4.0,5.0,0,True,True,High-priority
343.47,3.2,63.24,1,3,343.4670000000001,3.2020000000000017,63.24,1.0,3.0,1.0,0,True,True,High-priority
343.51,3.58,32.7,1,3,343.511,3.5783000000000027,32.7,1.0,3.0,0.0,0,True,True,High-priority
344.41,3.64,68.15,2,5,344.4070000000001,3.6388000000000025,68.15,2.0,5.0,8.0,0,True,True,High-priority
344.71,2.06,89.18,0,6,344.7100000000001,2.0601,89.17999999999999,0.0,6.0,3.0,0,True,True,High-priority
344.75,3.51,61.83,0,5,344.75000000000006,3.508000000000002,61.83,0.0,5.0,4.0,0,True,True,High-priority
345.4,2.56,95.86,3,5,345.3950000000001,2.5624000000000016,95.86,3.0,5.0,0.0,0,True,True,High-priority
345.44,1.23,70.67,2,4,345.4430000000001,1.2333,70.67,2.0,4.0,5.0,0,True,True,High-priority
346.34,-0.73,113.25,1,5,346.3430000000001,-0.7308999999999981,113.25,1.0,5.0,4.0,0,True,True,High-priority
346.38,1.72,110.38,5,6,346.37900000000013,1.717,110.38,5.0,6.0,4.0,0,True,True,High-priority
346.42,2.53,83.83,2,4,346.42300000000006,2.5279,83.83,2.0,4.0,1.0,0,True,True,High-priority
346.42,3.19,72.83,1,5,346.42300000000006,3.192600000000001,72.83000000000001,1.0,5.0,2.0,0,True,True,High-priority
346.42,3.36,83.83,2,4,346.42300000000006,3.3615200000000027,83.83000000000001,2.0,4.0,4.0,0,True,True,High-priority
346.42,3.25,65.13,0,5,346.42300000000006,3.249900000000002,65.13,0.0,5.0,2.0,0,True,True,High-priority
346.47,3.83,77.76,3,3,346.46700000000004,3.832120000000004,77.76,3.0,3.0,2.0,0,True,True,High-priority
346.47,4.46,56.51,0,4,346.46700000000004,4.456540000000004,56.510000000000005,0.0,4.0,4.0,0,True,True,High-priority
346.51,4.86,46.53,1,3,346.51100000000014,4.859000000000004,46.53,1.0,3.0,5.0,0,True,True,High-priority
347.5,2.21,78.27,3,5,347.50300000000016,2.2067,78.27000000000001,3.0,5.0,5.0,0,True,True,High-priority
348.36,2.0,81.16,1,5,348.3580000000002,1.9953199999999995,81.16000000000001,1.0,4.0,1.0,0,True,True,High-priority
348.39,-0.36,136.68,5,7,348.39200000000005,-0.3597999999999997,136.68,5.0,7.0,9.0,0,True,True,High-priority
348.4,1.88,89.9,1,6,348.3950000000001,1.8783,89.9,1.0,6.0,3.0,0,True,True,High-priority
348.4,2.5,53.51,0,3,348.40200000000004,2.5018,53.510000000000005,0.0,3.0,1.0,0,True,True,High-priority
348.44,3.84,91.67,2,3,348.4390000000001,3.8400000000000025,91.67,2.0,3.0,5.0,0,True,True,High-priority
348.44,2.78,72.83,1,5,348.43900000000014,2.779200000000001,72.83,1.0,5.0,2.0,0,True,True,High-priority
348.44,3.06,83.83,2,4,348.4390000000002,3.060500000000002,83.83000000000001,2.0,4.0,2.0,0,True,True,High-priority
348.45,4.02,53.43,1,3,348.446,4.015320000000003,53.43000000000001,1.0,3.0,6.0,0,True,True,High-priority
348.48,3.48,55.76,1,4,348.4830000000001,3.476600000000002,55.760000000000005,1.0,4.0,1.0,0,True,True,High-priority
348.48,4.22,52.6,0,4,348.4830000000002,4.219000000000004,52.6,0.0,4.0,2.0,0,True,True,High-priority
348.83,-2.25,112.96,1,6,348.82699999999994,-2.252299999999994,112.96,1.0,6.0,0.0,0,True,True,High-priority
349.41,2.87,55.2,1,3,349.41,2.872700000000001,55.2,1.0,3.0,1.0,0,True,True,High-priority
349.48,1.09,72.28,1,6,349.47900000000004,1.093700000000001,72.28,1.0,5.0,9.0,0,True,True,High-priority
350.21,2.49,46.61,0,3,350.21200000000005,2.4853000000000005,46.61,0.0,3.0,3.0,0,True,True,High-priority
350.32,1.41,123.27,2,7,350.3230000000001,1.414,123.27,2.0,7.0,8.0,0,True,True,High-priority
350.41,1.67,93.06,2,6,350.41100000000006,1.6732999999999998,93.06000000000002,2.0,6.0,4.0,0,True,True,High-priority
350.44,3.02,72.83,1,6,350.4360000000001,3.015820000000002,72.83000000000001,1.0,6.0,6.0,0,True,True,High-priority
350.46,3.22,83.83,2,5,350.45500000000004,3.2171000000000016,83.83000000000001,2.0,5.0,9.0,0,True,True,High-priority
351.36,1.4,90.29,1,6,351.3620000000001,1.4041999999999994,90.29,1.0,5.0,6.0,0,True,True,High-priority
351.4,-1.09,104.15,3,7,351.40300000000025,-1.0906999999999991,104.15,3.0,7.0,6.0,0,True,True,High-priority
352.39,1.27,100.19,3,4,352.3940000000002,1.2712,100.19,3.0,4.0,6.0,0,True,True,High-priority
352.43,1.59,93.06,2,6,352.4270000000001,1.5854999999999997,93.06000000000002,2.0,6.0,3.0,0,True,True,High-priority
353.38,2.61,86.48,1,6,353.37800000000004,2.6076000000000006,86.48,1.0,6.0,7.0,0,True,True,High-priority
353.42,3.59,87.39,1,5,353.418,3.590180000000002,87.39,1.0,5.0,6.0,0,True,True,High-priority
353.51,4.13,38.33,1,3,353.50600000000003,4.132900000000003,38.33,1.0,3.0,5.0,0,True,True,High-priority
354.36,2.99,82.06,1,5,354.3580000000002,2.9896000000000003,82.06,1.0,5.0,6.0,0,True,True,High-priority
354.45,1.64,50.6,0,5,354.45400000000006,1.6408999999999991,50.6,0.0,4.0,5.0,0,True,True,High-priority
354.45,2.05,59.39,1,5,354.4540000000002,2.0493999999999994,59.39,1.0,4.0,4.0,0,True,True,High-priority
354.49,3.94,64.99,1,5,354.4870000000001,3.942400000000003,64.99000000000001,1.0,5.0,5.0,0,True,True,High-priority
354.5,0.85,65.12,1,4,354.49500000000006,0.8546000000000027,65.12,1.0,4.0,6.0,0,True,True,High-priority
355.44,1.45,74.49,1,6,355.442,1.4492999999999998,74.49000000000001,1.0,5.0,4.0,0,True,True,High-priority
356.37,2.57,111.9,3,5,356.3740000000001,2.5708400000000005,111.9,3.0,5.0,2.0,0,True,True,High-priority
356.42,1.89,81.62,2,5,356.4220000000001,1.8944,81.62,2.0,5.0,2.0,0,True,True,High-priority
356.43,2.65,81.35,0,6,356.4260000000003,2.654300000000001,81.35000000000001,0.0,6.0,4.0,0,True,True,High-priority
356.47,3.2,68.29,1,4,356.46600000000007,3.2039000000000017,68.28999999999999,1.0,4.0,2.0,0,True,True,High-priority
356.5,1.61,101.15,5,5,356.50300000000016,1.6127999999999998,101.15,5.0,5.0,5.0,0,True,True,High-priority
358.35,2.37,105.45,3,6,358.3460000000001,2.3720000000000003,105.45000000000002,3.0,6.0,5.0,0,True,True,High-priority
358.39,3.3,85.22,2,6,358.39000000000004,3.304200000000002,85.22000000000001,2.0,6.0,8.0,0,True,True,High-priority
358.48,4.2,71.44,1,4,358.4780000000001,4.200300000000003,71.44,1.0,4.0,4.0,0,True,True,High-priority
358.78,3.97,65.74,0,5,358.7770000000001,3.973620000000003,65.74000000000001,0.0,5.0,4.0,0,True,True,High-priority
359.41,1.79,101.9,2,7,359.41100000000006,1.7861,101.9,2.0,6.0,6.0,0,True,True,High-priority
359.43,3.8,78.01,3,3,359.42900000000003,3.803720000000002,78.00999999999999,3.0,3.0,5.0,0,True,True,High-priority
360.27,3.64,24.19,0,1,360.275,3.6410000000000022,24.19,0.0,1.0,2.0,0,True,True,High-priority
360.41,2.61,85.97,1,6,360.40600000000006,2.6142000000000003,85.97,1.0,6.0,1.0,0,True,True,High-priority
360.45,3.55,72.83,1,5,360.45000000000016,3.5453000000000023,72.83,1.0,5.0,1.0,0,True,True,High-priority
361.15,2.46,88.41,2,4,361.151,2.4585,88.41,2.0,4.0,2.0,0,True,True,High-priority
361.39,2.49,105.84,2,5,361.39400000000006,2.4921999999999995,105.84,2.0,5.0,8.0,0,True,True,High-priority
361.39,2.18,94.84,1,6,361.3940000000001,2.18412,94.84,1.0,6.0,7.0,0,True,True,High-priority
361.39,2.41,105.84,2,5,361.3940000000001,2.41372,105.84,2.0,5.0,9.0,0,True,True,High-priority
361.4,1.65,54.37,0,5,361.4010000000002,1.6526999999999998,54.370000000000005,0.0,5.0,2.0,0,True,True,High-priority
362.38,1.22,99.13,1,7,362.3780000000001,1.2162999999999995,99.13000000000002,1.0,7.0,3.0,0,True,True,High-priority
362.38,0.29,121.13,3,6,362.3780000000001,0.2859999999999998,121.13,3.0,6.0,1.0,0,True,True,High-priority
362.39,4.04,85.34,1,5,362.3850000000001,4.040660000000004,85.34,1.0,5.0,3.0,0,True,True,High-priority
362.42,2.39,100.13,3,6,362.42200000000014,2.391200000000001,100.13,3.0,6.0,1.0,0,True,True,High-priority
362.42,1.3,96.36,2,6,362.42200000000014,1.2988999999999995,96.36,2.0,6.0,0.0,0,True,True,High-priority
362.47,3.63,91.67,2,5,362.4660000000001,3.6254000000000017,91.67000000000002,2.0,5.0,7.0,0,True,True,High-priority
362.47,4.03,41.57,1,3,362.4730000000001,4.030820000000003,41.57,1.0,3.0,4.0,0,True,True,High-priority
362.47,4.04,36.69,0,4,362.4730000000002,4.040460000000003,36.69,0.0,4.0,3.0,0,True,True,High-priority
362.51,4.49,59.06,1,4,362.51000000000016,4.487100000000004,59.06,1.0,4.0,3.0,0,True,True,High-priority
362.86,2.41,74.61,3,5,362.857,2.405600000000001,74.61,3.0,5.0,7.0,0,True,True,High-priority
363.01,2.19,58.89,1,4,363.00500000000005,2.1887000000000003,58.89,1.0,4.0,1.0,0,True,True,High-priority
363.44,1.51,105.72,3,5,363.4390000000001,1.5134999999999998,105.72,3.0,5.0,4.0,0,True,True,High-priority
363.53,2.01,43.86,0,4,363.5270000000002,2.0082000000000004,43.86000000000001,0.0,4.0,3.0,0,True,True,High-priority
363.55,4.7,82.05,3,3,363.5460000000002,4.698770000000003,82.05000000000001,3.0,3.0,10.0,0,True,True,High-priority
364.53,4.26,55.76,1,4,364.5260000000002,4.258400000000004,55.760000000000005,1.0,4.0,4.0,0,True,True,High-priority
365.43,2.94,76.24,2,4,365.43300000000016,2.936100000000001,76.24,2.0,4.0,5.0,0,True,True,High-priority
365.48,2.67,65.46,2,4,365.4770000000002,2.674400000000001,65.46000000000001,2.0,4.0,5.0,0,True,True,High-priority
366.37,3.57,74.97,0,6,366.369,3.5668000000000024,74.97,0.0,6.0,6.0,0,True,True,High-priority
366.38,2.95,105.53,1,7,366.377,2.952700000000002,105.53,1.0,7.0,5.0,0,True,True,High-priority
366.51,1.85,53.01,1,5,366.50800000000015,1.85,53.010000000000005,1.0,5.0,4.0,0,True,True,High-priority
366.54,4.9,36.92,0,4,366.54200000000014,4.902200000000005,36.92,0.0,4.0,2.0,0,True,True,High-priority
366.98,4.29,56.05,2,3,366.977,4.293580000000004,56.05,2.0,3.0,2.0,0,True,True,High-priority
367.36,2.29,116.84,3,5,367.3570000000001,2.29162,116.84000000000002,3.0,5.0,5.0,0,True,True,High-priority
367.45,3.17,55.84,0,4,367.4450000000001,3.1725200000000022,55.84,0.0,4.0,7.0,0,True,True,High-priority
367.82,4.24,53.6,0,7,367.8160000000001,4.236100000000003,53.6,0.0,6.0,7.0,0,True,True,High-priority
368.43,4.47,53.99,0,5,368.42900000000026,4.474300000000004,53.99000000000001,0.0,5.0,3.0,0,True,True,High-priority
368.77,3.33,75.99,2,5,368.7720000000001,3.334200000000001,75.99000000000001,2.0,5.0,0.0,0,True,True,High-priority
369.33,2.52,126.07,3,6,369.32900000000006,2.52272,126.07,3.0,6.0,5.0,0,True,True,High-priority
369.37,1.88,77.46,1,7,369.3730000000001,1.8756999999999997,77.46000000000001,1.0,7.0,0.0,0,True,True,High-priority
369.4,0.87,122.91,2,7,369.3950000000001,0.8665199999999995,122.90999999999998,2.0,7.0,6.0,0,True,True,High-priority
369.42,3.19,49.39,0,6,369.4170000000001,3.193200000000002,49.39,0.0,6.0,3.0,0,True,True,High-priority
369.42,1.29,86.09,2,5,369.4210000000001,1.2887699999999995,86.09,2.0,5.0,3.0,0,True,True,High-priority
370.41,1.59,88.1,2,5,370.4050000000001,1.5946999999999991,88.10000000000001,2.0,5.0,6.0,0,True,True,High-priority
370.45,2.17,74.79,2,5,370.449,2.1701,74.79,2.0,5.0,3.0,0,True,True,High-priority
370.45,3.04,81.35,0,6,370.4530000000003,3.0444000000000013,81.35000000000001,0.0,6.0,5.0,0,True,True,High-priority
370.79,4.22,65.74,0,5,370.78800000000007,4.221400000000003,65.74000000000001,0.0,5.0,6.0,0,True,True,High-priority
371.43,3.4,66.02,1,5,371.4330000000002,3.399300000000002,66.02000000000001,1.0,5.0,6.0,0,True,True,High-priority
371.51,3.79,72.7,1,6,371.5100000000001,3.788000000000002,72.7,1.0,5.0,9.0,0,True,True,High-priority
372.37,-1.02,134.91,4,9,372.37000000000006,-1.0204999999999995,134.91000000000005,4.0,9.0,7.0,0,True,True,High-priority
372.42,3.09,85.97,1,6,372.41700000000014,3.0905000000000014,85.97,1.0,6.0,2.0,0,True,True,High-priority
373.41,1.64,121.52,3,6,373.4090000000003,1.6434999999999995,121.52,3.0,5.0,6.0,0,True,True,High-priority
373.43,1.41,79.81,0,5,373.4340000000001,1.4096999999999993,79.81000000000002,0.0,5.0,3.0,0,True,True,High-priority
374.39,1.01,102.43,1,7,374.38900000000007,1.0095999999999996,102.43,1.0,7.0,3.0,0,True,True,High-priority
374.39,1.52,99.13,1,7,374.3890000000001,1.5249,99.13,1.0,7.0,2.0,0,True,True,High-priority
374.39,3.44,72.45,0,7,374.3890000000001,3.4361000000000024,72.45000000000002,0.0,7.0,6.0,0,True,True,High-priority
374.4,2.7,100.19,3,4,374.40000000000015,2.704200000000001,100.19,3.0,4.0,4.0,0,True,True,High-priority
374.44,2.71,79.78,2,4,374.4440000000001,2.7063000000000006,79.78,2.0,3.0,6.0,0,True,True,High-priority
374.48,4.42,35.94,1,4,374.484,4.417400000000005,35.94,1.0,4.0,6.0,0,True,True,High-priority
375.34,3.72,121.47,3,7,375.3400000000001,3.722100000000002,121.47,3.0,7.0,2.0,0,True,True,High-priority
375.38,3.11,93.71,2,3,375.38400000000007,3.106200000000001,93.71,2.0,3.0,2.0,0,True,True,High-priority
375.42,2.74,105.84,2,5,375.4210000000001,2.7398000000000007,105.84,2.0,5.0,9.0,0,True,True,High-priority
375.5,4.42,39.34,1,2,375.49700000000007,4.423400000000004,39.34,1.0,2.0,2.0,0,True,True,High-priority
376.41,1.61,99.13,1,7,376.40500000000014,1.6063999999999998,99.13,1.0,7.0,4.0,0,True,True,High-priority
376.41,1.29,99.13,1,7,376.4050000000002,1.2945999999999998,99.13,1.0,7.0,2.0,0,True,True,High-priority
376.42,2.33,107.08,2,6,376.41600000000017,2.3290999999999995,107.08,2.0,5.0,5.0,0,True,True,High-priority
376.45,4.09,77.38,2,6,376.4490000000001,4.087700000000003,77.38000000000001,2.0,6.0,10.0,0,True,True,High-priority
377.36,2.22,125.29,3,6,377.3560000000001,2.22472,125.29,3.0,6.0,3.0,0,True,True,High-priority
377.44,3.84,65.38,1,6,377.4440000000002,3.8440400000000015,65.38,1.0,5.0,4.0,0,True,True,High-priority
377.45,3.61,83.29,2,5,377.44800000000015,3.611920000000002,83.28999999999999,2.0,5.0,4.0,0,True,True,High-priority
377.53,1.51,62.16,2,5,377.5250000000001,1.5145999999999995,62.16000000000001,2.0,5.0,3.0,0,True,True,High-priority
378.38,4.38,67.13,0,6,378.3800000000001,4.381500000000004,67.13000000000001,0.0,6.0,2.0,0,True,True,High-priority
378.47,3.29,82.2,0,6,378.46500000000015,3.290600000000002,82.2,0.0,6.0,10.0,0,True,True,High-priority
378.47,2.83,77.38,2,6,378.46500000000015,2.8320000000000007,77.38000000000001,2.0,6.0,6.0,0,True,True,High-priority
378.51,3.78,83.83,2,4,378.5090000000001,3.778100000000003,83.83,2.0,4.0,3.0,0,True,True,High-priority
378.51,0.88,73.24,2,6,378.51300000000015,0.8813000000000004,73.24000000000001,2.0,6.0,4.0,0,True,True,High-priority
379.46,4.65,37.38,0,2,379.45900000000006,4.645600000000004,37.38,0.0,2.0,2.0,0,True,True,High-priority
380.44,0.39,113.29,3,7,380.4370000000001,0.3901999999999997,113.29000000000002,3.0,7.0,0.0,0,True,True,High-priority
380.44,0.86,113.29,3,7,380.4370000000002,0.8648999999999994,113.29,3.0,7.0,3.0,0,True,True,High-priority
380.45,2.82,102.34,3,5,380.44800000000015,2.819000000000001,102.34,3.0,5.0,6.0,0,True,True,High-priority
380.48,1.11,96.22,3,6,380.4810000000001,1.111199999999999,96.22,3.0,6.0,2.0,0,True,True,High-priority
381.23,4.68,44.12,0,4,381.229,4.679400000000004,44.12,0.0,3.0,2.0,0,True,True,High-priority
381.43,3.19,88.02,3,5,381.4280000000001,3.1931000000000016,88.02000000000001,3.0,5.0,5.0,0,True,True,High-priority
381.44,4.74,86.01,2,4,381.4350000000001,4.744780000000004,86.01,2.0,4.0,3.0,0,True,True,High-priority
381.45,3.48,55.84,0,5,381.45300000000015,3.4772000000000025,55.84,0.0,5.0,3.0,0,True,True,High-priority
381.47,3.21,93.14,1,5,381.46900000000016,3.208600000000001,93.14,1.0,5.0,5.0,0,True,True,High-priority
381.61,3.97,52.65,1,3,381.60500000000025,3.967800000000002,52.650000000000006,1.0,3.0,8.0,0,True,True,High-priority
381.86,2.02,65.07,0,6,381.8560000000002,2.0249,65.07000000000001,0.0,6.0,3.0,0,True,True,High-priority
382.37,1.56,132.13,4,7,382.36800000000017,1.563,132.13,4.0,7.0,2.0,0,True,True,High-priority
382.5,4.1,60.45,1,4,382.5040000000001,4.103340000000003,60.45,1.0,4.0,7.0,0,True,True,High-priority
382.5,4.05,50.8,1,4,382.5040000000002,4.050900000000003,50.8,1.0,4.0,9.0,0,True,True,High-priority
383.4,0.71,123.55,3,8,383.3970000000001,0.7097999999999995,123.55,3.0,8.0,6.0,0,True,True,High-priority
384.38,2.44,120.36,4,7,384.38400000000007,2.4429000000000003,120.36,4.0,7.0,2.0,0,True,True,High-priority
384.42,0.51,112.81,2,5,384.4170000000001,0.5054999999999996,112.81,2.0,5.0,1.0,0,True,True,High-priority
384.43,3.71,82.81,0,6,384.4280000000002,3.7078000000000015,82.81,0.0,6.0,3.0,0,True,True,High-priority
384.43,2.02,86.38,2,7,384.4320000000001,2.01972,86.38,2.0,7.0,5.0,0,True,True,High-priority
384.44,4.52,55.57,0,5,384.43500000000006,4.515520000000004,55.57,0.0,5.0,3.0,0,True,True,High-priority
384.48,2.0,72.72,2,6,384.47600000000017,1.9956,72.72,2.0,5.0,3.0,0,True,True,High-priority
384.5,4.26,72.31,1,6,384.5010000000003,4.262400000000003,72.31,1.0,6.0,4.0,0,True,True,High-priority
384.55,2.63,55.76,1,4,384.548,2.629500000000001,55.760000000000005,1.0,4.0,5.0,0,True,True,High-priority
385.37,1.32,116.53,3,7,385.3720000000001,1.3162999999999996,116.53000000000002,3.0,7.0,5.0,0,True,True,High-priority
385.42,3.8,83.09,1,7,385.41600000000017,3.7977000000000025,83.09000000000002,1.0,7.0,7.0,0,True,True,High-priority
385.46,2.64,57.23,0,6,385.4600000000002,2.639900000000001,57.23,0.0,6.0,4.0,0,True,True,High-priority
385.46,2.47,95.52,2,4,385.46400000000006,2.4714,95.52,2.0,4.0,5.0,0,True,True,High-priority
385.5,3.54,78.79,3,4,385.5040000000001,3.542600000000002,78.79,3.0,4.0,0.0,0,True,True,High-priority
385.5,3.22,66.43,0,4,385.5040000000002,3.2241000000000017,66.43,0.0,4.0,1.0,0,True,True,High-priority
385.87,0.79,107.53,4,5,385.8730000000001,0.7932000000000006,107.53,4.0,5.0,8.0,0,True,True,High-priority
386.4,3.21,75.61,1,7,386.40000000000015,3.2133000000000025,75.61000000000001,1.0,7.0,4.0,0,True,True,High-priority
386.84,3.1,91.42,3,3,386.8350000000001,3.0976000000000017,91.42,3.0,3.0,8.0,0,True,True,High-priority
388.41,-0.42,134.91,4,9,388.4130000000002,-0.4213000000000009,134.91,4.0,9.0,6.0,0,True,True,High-priority
388.42,2.38,127.45,5,7,388.41600000000005,2.3824000000000005,127.45,5.0,7.0,7.0,0,True,True,High-priority
388.46,3.68,63.22,0,6,388.46000000000015,3.683100000000003,63.220000000000006,0.0,6.0,8.0,0,True,True,High-priority
388.46,4.46,93.06,2,5,388.4600000000002,4.459720000000004,93.06000000000002,2.0,5.0,9.0,0,True,True,High-priority
388.46,3.61,70.43,0,6,388.4600000000003,3.610700000000003,70.43,0.0,6.0,2.0,0,True,True,High-priority
388.49,2.38,75.71,1,4,388.4890000000001,2.3799,75.71000000000001,1.0,4.0,7.0,0,True,True,High-priority
388.5,3.81,69.67,0,5,388.5040000000001,3.810100000000003,69.67,0.0,5.0,2.0,0,True,True,High-priority
389.41,-0.06,125.13,3,7,389.408,-0.0577000000000001,125.13,3.0,7.0,7.0,0,True,True,High-priority
389.45,4.83,72.45,1,4,389.4510000000001,4.8293200000000045,72.45,1.0,4.0,5.0,0,True,True,High-priority
390.28,2.62,38.77,0,4,390.277,2.616900000000001,38.77,0.0,4.0,1.0,0,True,True,High-priority
390.43,2.3,110.13,2,6,390.4320000000002,2.2998000000000003,110.13,2.0,6.0,4.0,0,True,True,High-priority
390.47,0.53,84.74,0,6,390.4650000000001,0.5290199999999998,84.74000000000001,0.0,5.0,4.0,0,True,True,High-priority
390.47,-0.41,136.68,5,8,390.473,-0.4145999999999994,136.68,5.0,8.0,7.0,0,True,True,High-priority
390.52,4.56,61.83,0,5,390.5200000000002,4.564300000000005,61.830000000000005,0.0,5.0,6.0,0,True,True,High-priority
390.56,4.81,55.76,1,4,390.5640000000001,4.811400000000005,55.760000000000005,1.0,4.0,4.0,0,True,True,High-priority
391.3,2.57,64.99,1,5,391.3020000000002,2.567600000000001,64.99000000000001,1.0,5.0,1.0,0,True,True,High-priority
391.39,1.01,122.19,3,6,391.3870000000001,1.0128,122.19,3.0,5.0,3.0,0,True,True,High-priority
391.42,4.65,81.68,1,5,391.4230000000001,4.654260000000004,81.68,1.0,5.0,4.0,0,True,True,High-priority
392.4,0.22,114.82,2,8,392.40400000000017,0.2192999999999996,114.82,2.0,8.0,2.0,0,True,True,High-priority
392.41,4.2,74.97,0,6,392.4070000000001,4.197500000000003,74.97000000000001,0.0,6.0,5.0,0,True,True,High-priority
392.42,2.92,98.24,2,6,392.415,2.923800000000001,98.24,2.0,5.0,6.0,0,True,True,High-priority
392.49,2.03,110.52,4,5,392.4920000000001,2.0301,110.52,4.0,5.0,3.0,0,True,True,High-priority
392.54,3.11,83.83,2,5,392.5360000000002,3.1092000000000013,83.83000000000001,2.0,5.0,3.0,0,True,True,High-priority
392.54,4.76,72.83,1,4,392.5360000000002,4.764400000000004,72.83000000000001,1.0,4.0,7.0,0,True,True,High-priority
392.54,4.52,34.47,0,4,392.5430000000001,4.523300000000004,34.47,0.0,3.0,4.0,0,True,True,High-priority
393.39,2.6,105.84,2,5,393.395,2.6026000000000007,105.84000000000002,2.0,5.0,6.0,0,True,True,High-priority
393.44,0.97,94.67,0,8,393.43600000000015,0.9748,94.67000000000002,0.0,8.0,1.0,0,True,True,High-priority
393.48,4.84,70.95,3,5,393.4830000000002,4.838820000000004,70.95,3.0,5.0,3.0,0,True,True,High-priority
393.49,1.56,63.57,1,5,393.48700000000014,1.5611999999999997,63.57,1.0,4.0,5.0,0,True,True,High-priority
393.51,1.19,70.16,0,5,393.5090000000002,1.1909000000000003,70.16000000000001,0.0,5.0,4.0,0,True,True,High-priority
393.51,1.62,78.95,1,5,393.5090000000002,1.6192999999999995,78.95,1.0,5.0,3.0,0,True,True,High-priority
394.42,3.7,63.22,0,6,394.4230000000001,3.703300000000002,63.22,0.0,6.0,3.0,0,True,True,High-priority
394.47,1.62,70.08,1,5,394.4710000000002,1.6161,70.08000000000001,1.0,5.0,1.0,0,True,True,High-priority
394.52,2.56,61.61,1,5,394.51900000000006,2.5609,61.61000000000001,1.0,5.0,8.0,0,True,True,High-priority
395.41,3.04,105.84,2,5,395.4110000000001,3.0391600000000016,105.84,2.0,5.0,6.0,0,True,True,High-priority
395.46,3.77,61.14,0,6,395.45500000000015,3.7672000000000025,61.140000000000015,0.0,6.0,6.0,0,True,True,High-priority
396.4,3.64,80.29,0,7,396.39500000000015,3.644000000000003,80.29,0.0,7.0,6.0,0,True,True,High-priority
396.4,0.85,129.39,2,8,396.3960000000002,0.8533999999999993,129.39,2.0,8.0,5.0,0,True,True,High-priority
396.4,0.97,127.84,4,4,396.4030000000001,0.966800000000001,127.84000000000002,4.0,4.0,6.0,0,True,True,High-priority
396.42,0.58,71.69,1,6,396.4190000000002,0.5785,71.69000000000001,1.0,6.0,3.0,0,True,True,High-priority
396.44,0.44,130.36,3,8,396.4360000000002,0.4355999999999993,130.36,3.0,8.0,4.0,0,True,True,High-priority
396.44,1.82,77.1,1,7,396.4430000000002,1.8235,77.10000000000001,1.0,7.0,3.0,0,True,True,High-priority
396.45,1.26,125.09,3,5,396.4470000000003,1.2645999999999993,125.09,3.0,5.0,4.0,0,True,True,High-priority
397.43,2.51,98.0,2,6,397.4270000000001,2.5109200000000005,98.0,2.0,6.0,7.0,0,True,True,High-priority
397.54,3.52,62.3,1,4,397.54400000000027,3.524500000000001,62.3,1.0,4.0,5.0,0,True,True,High-priority
398.45,1.05,122.52,3,8,398.4520000000001,1.0457,122.52,3.0,8.0,8.0,0,True,True,High-priority
398.55,2.67,72.57,3,5,398.54700000000025,2.6686000000000005,72.57000000000001,3.0,5.0,6.0,0,True,True,High-priority
399.44,3.4,98.75,1,6,399.44300000000015,3.402440000000002,98.75,1.0,6.0,6.0,0,True,True,High-priority
399.49,4.72,38.77,0,3,399.4900000000001,4.720400000000004,38.77,0.0,3.0,5.0,0,True,True,High-priority
399.53,3.67,70.0,2,5,399.53100000000006,3.6716000000000015,70.0,2.0,5.0,5.0,0,True,True,High-priority
400.38,0.64,129.59,4,8,400.383,0.6386999999999994,129.59,4.0,8.0,4.0,0,True,True,High-priority
400.44,0.76,103.63,1,9,400.4390000000002,0.7648999999999997,103.63,1.0,8.0,6.0,0,True,True,High-priority
400.59,4.13,50.16,1,5,400.592,4.126600000000003,50.16,1.0,4.0,6.0,0,True,True,High-priority
401.44,1.9,112.74,2,6,401.4440000000001,1.89532,112.74,2.0,6.0,4.0,0,True,True,High-priority
401.55,3.69,75.63,2,4,401.54700000000014,3.6886000000000023,75.63,2.0,4.0,2.0,0,True,True,High-priority
401.55,3.37,83.47,2,4,401.5470000000003,3.3651000000000018,83.47,2.0,4.0,2.0,0,True,True,High-priority
401.55,2.49,61.88,1,4,401.5510000000002,2.4937000000000005,61.88,1.0,4.0,4.0,0,True,True,High-priority
402.4,2.66,104.57,0,8,402.39900000000017,2.657400000000001,104.57,0.0,8.0,3.0,0,True,True,High-priority
402.46,3.66,82.1,0,8,402.458,3.663000000000003,82.10000000000001,0.0,7.0,6.0,0,True,True,High-priority
402.49,4.79,60.44,0,4,402.49000000000007,4.785100000000004,60.440000000000005,0.0,4.0,3.0,0,True,True,High-priority
402.53,4.79,64.99,1,4,402.5310000000001,4.787620000000004,64.99000000000001,1.0,4.0,3.0,0,True,True,High-priority
403.51,4.43,58.22,1,4,403.507,4.427400000000003,58.22,1.0,4.0,4.0,0,True,True,High-priority
404.42,1.73,108.5,0,8,404.4150000000002,1.7260999999999995,108.50000000000004,0.0,8.0,4.0,0,True,True,High-priority
404.42,1.99,108.36,1,8,404.41500000000025,1.9923,108.36000000000004,1.0,8.0,4.0,0,True,True,High-priority
406.52,1.69,107.22,4,6,406.5190000000002,1.6899999999999995,107.22,4.0,6.0,1.0,0,True,True,High-priority
406.61,4.57,66.76,2,4,406.60700000000026,4.5663000000000045,66.76,2.0,4.0,4.0,0,True,True,High-priority
407.26,4.38,53.99,0,5,407.2600000000001,4.379600000000004,53.99000000000001,0.0,5.0,7.0,0,True,True,High-priority
407.27,4.07,73.04,3,2,407.2710000000001,4.071900000000002,73.03999999999999,3.0,2.0,2.0,0,True,True,High-priority
408.49,3.39,64.61,0,7,408.49100000000016,3.3885000000000023,64.61000000000001,0.0,7.0,7.0,0,True,True,High-priority
408.49,2.72,94.73,0,7,408.4910000000002,2.7242000000000006,94.73,0.0,7.0,3.0,0,True,True,High-priority
408.49,4.69,97.99,4,5,408.49400000000014,4.687700000000005,97.99,4.0,5.0,8.0,0,True,True,High-priority
408.5,4.53,52.52,0,6,408.4980000000003,4.532600000000004,52.52000000000001,0.0,6.0,3.0,0,True,True,High-priority
408.58,3.45,97.99,4,4,408.5790000000002,3.4487000000000023,97.99,4.0,4.0,4.0,0,True,True,High-priority
408.58,4.81,72.83,1,5,408.5790000000002,4.812800000000005,72.83000000000001,1.0,5.0,9.0,0,True,True,High-priority
409.44,1.87,102.42,2,6,409.4420000000002,1.8655,102.42000000000002,2.0,5.0,8.0,0,True,True,High-priority
409.53,4.44,49.03,0,4,409.5330000000001,4.438880000000004,49.03,0.0,3.0,5.0,0,True,True,High-priority
409.94,1.57,84.83,4,4,409.9390000000001,1.572199999999999,84.83,4.0,4.0,3.0,0,True,True,High-priority
410.46,0.13,136.68,5,8,410.463,0.1330399999999997,136.68,5.0,8.0,5.0,0,True,True,High-priority
410.46,2.13,108.5,0,8,410.46300000000025,2.1303,108.5,0.0,8.0,4.0,0,True,True,High-priority
410.47,4.93,52.49,1,4,410.473,4.934900000000004,52.49,1.0,3.0,3.0,0,True,True,High-priority
410.51,4.89,68.9,1,5,410.5100000000002,4.886920000000004,68.9,1.0,5.0,2.0,0,True,True,High-priority
411.5,1.16,77.43,3,7,411.5020000000002,1.1571999999999996,77.43,3.0,7.0,5.0,0,True,True,High-priority
412.33,4.94,38.13,0,3,412.3310000000002,4.942700000000005,38.13,0.0,2.0,4.0,0,True,True,High-priority
412.49,2.84,69.59,0,7,412.48600000000016,2.843500000000001,69.59,0.0,7.0,4.0,0,True,True,High-priority
412.49,2.11,82.06,1,5,412.48600000000016,2.1059,82.05999999999999,1.0,5.0,3.0,0,True,True,High-priority
412.53,3.35,62.99,0,5,412.5300000000002,3.351600000000002,62.99,0.0,5.0,3.0,0,True,True,High-priority
413.48,2.06,107.77,2,5,413.4780000000002,2.0562,107.77,2.0,4.0,5.0,0,True,True,High-priority
414.45,4.0,64.61,0,7,414.4540000000002,3.996400000000003,64.61000000000001,0.0,7.0,4.0,0,True,True,High-priority
414.46,4.37,60.89,0,6,414.4610000000002,4.366920000000003,60.89000000000001,0.0,6.0,4.0,0,True,True,High-priority
414.96,3.98,42.31,0,4,414.9580000000002,3.980800000000004,42.31,0.0,3.0,4.0,0,True,True,High-priority
415.44,1.91,136.15,3,7,415.4420000000002,1.9128,136.15,3.0,7.0,5.0,0,True,True,High-priority
416.48,3.84,67.87,1,4,416.47700000000015,3.836700000000003,67.87,1.0,4.0,6.0,0,True,True,High-priority
416.51,3.52,104.06,3,6,416.5140000000001,3.5222000000000024,104.06,3.0,6.0,6.0,0,True,True,High-priority
416.51,3.39,107.22,4,6,416.5140000000002,3.3930000000000025,107.22,4.0,6.0,4.0,0,True,True,High-priority
416.53,3.24,50.6,0,5,416.52500000000026,3.2371000000000016,50.6,0.0,4.0,5.0,0,True,True,High-priority
416.58,4.85,60.44,0,5,416.58300000000025,4.852300000000005,60.44,0.0,5.0,1.0,0,True,True,High-priority
417.46,2.74,115.07,2,6,417.45800000000025,2.73552,115.07,2.0,6.0,6.0,0,True,True,High-priority
417.48,2.7,82.14,0,7,417.4830000000002,2.698620000000001,82.14000000000001,0.0,7.0,7.0,0,True,True,High-priority
417.53,1.52,89.95,2,5,417.5310000000003,1.5229999999999997,89.95,2.0,5.0,4.0,0,True,True,High-priority
417.58,2.94,69.06,2,7,417.57500000000016,2.943100000000001,69.06,2.0,7.0,7.0,0,True,True,High-priority
418.44,2.18,105.2,0,8,418.4420000000002,2.1756,105.20000000000002,0.0,8.0,3.0,0,True,True,High-priority
418.44,2.01,103.68,2,8,418.4420000000002,2.0148,103.68000000000002,2.0,8.0,8.0,0,True,True,High-priority
418.45,4.6,101.55,2,5,418.4490000000002,4.604060000000003,101.55,2.0,5.0,4.0,0,True,True,High-priority
418.53,4.6,82.81,0,6,418.5300000000002,4.599700000000005,82.81,0.0,6.0,7.0,0,True,True,High-priority
418.53,2.57,85.22,2,6,418.53000000000026,2.565600000000001,85.22000000000001,2.0,6.0,2.0,0,True,True,High-priority
418.56,1.48,78.87,2,6,418.5590000000001,1.4824999999999997,78.87,2.0,6.0,9.0,0,True,True,High-priority
418.57,3.22,94.83,3,5,418.5740000000002,3.218300000000002,94.83,3.0,5.0,5.0,0,True,True,High-priority
418.61,4.08,61.83,0,5,418.60600000000017,4.083800000000004,61.83,0.0,5.0,3.0,0,True,True,High-priority
419.43,-0.69,134.27,3,6,419.43400000000025,-0.6868999999999963,134.27,3.0,6.0,8.0,0,True,True,High-priority
419.48,2.6,77.23,1,6,419.4810000000002,2.6000000000000014,77.23,1.0,6.0,3.0,0,True,True,High-priority
419.87,4.52,84.34,2,5,419.8680000000001,4.516800000000004,84.34,2.0,5.0,5.0,0,True,True,High-priority
420.47,2.87,102.84,1,5,420.46500000000015,2.871120000000001,102.84,1.0,5.0,5.0,0,True,True,High-priority
420.51,4.93,42.31,0,3,420.5120000000001,4.928000000000005,42.31,0.0,2.0,2.0,0,True,True,High-priority
420.51,3.3,72.53,1,6,420.5130000000001,3.2965000000000018,72.53,1.0,5.0,6.0,0,True,True,High-priority
420.55,4.68,89.9,1,5,420.5460000000002,4.682700000000004,89.9,1.0,5.0,8.0,0,True,True,High-priority
420.59,4.8,83.83,2,4,420.59000000000026,4.804300000000004,83.83,2.0,4.0,5.0,0,True,True,High-priority
421.53,3.92,81.07,2,7,421.5260000000002,3.923000000000002,81.07,2.0,6.0,4.0,0,True,True,High-priority
422.56,3.72,104.06,3,5,422.5620000000002,3.715600000000002,104.06000000000002,3.0,5.0,10.0,0,True,True,High-priority
423.42,3.13,91.75,1,4,423.42400000000015,3.134500000000001,91.75,1.0,4.0,3.0,0,True,True,High-priority
423.42,3.38,80.75,0,5,423.4240000000002,3.381700000000002,80.75,0.0,5.0,2.0,0,True,True,High-priority
424.45,2.22,94.17,1,6,424.4530000000002,2.2227,94.17,1.0,6.0,7.0,0,True,True,High-priority
424.46,4.56,80.52,0,4,424.4560000000001,4.555600000000004,80.52000000000001,0.0,4.0,3.0,0,True,True,High-priority
424.49,4.38,85.22,2,6,424.4930000000002,4.379820000000005,85.22,2.0,6.0,4.0,0,True,True,High-priority
424.5,2.66,68.31,0,5,424.4970000000002,2.656900000000001,68.31,0.0,5.0,5.0,0,True,True,High-priority
425.44,2.99,115.07,2,6,425.4370000000002,2.993320000000001,115.07,2.0,6.0,8.0,0,True,True,High-priority
425.51,0.49,132.88,3,5,425.5070000000002,0.4897200000000016,132.88,3.0,5.0,7.0,0,True,True,High-priority
425.53,2.15,79.7,1,6,425.5330000000002,2.152,79.7,1.0,5.0,9.0,0,True,True,High-priority
426.42,4.94,74.97,0,6,426.42400000000026,4.938120000000004,74.97000000000001,0.0,6.0,2.0,0,True,True,High-priority
426.43,4.4,106.17,2,7,426.4320000000002,4.398820000000002,106.17,2.0,6.0,2.0,0,True,True,High-priority
426.51,3.36,93.06,2,6,426.5090000000002,3.355600000000003,93.06000000000002,2.0,6.0,0.0,0,True,True,High-priority
426.52,1.81,94.4,1,8,426.5210000000003,1.809899999999999,94.4,1.0,7.0,5.0,0,True,True,High-priority
427.46,2.08,101.32,1,6,427.4570000000002,2.0823,101.32,1.0,6.0,7.0,0,True,True,High-priority
427.47,4.1,84.86,2,5,427.47200000000015,4.104120000000003,84.86000000000001,2.0,5.0,8.0,0,True,True,High-priority
427.5,4.95,83.22,3,3,427.5040000000002,4.952520000000003,83.22000000000001,3.0,3.0,7.0,0,True,True,High-priority
427.93,4.81,82.95,3,4,427.9320000000001,4.808400000000003,82.95,3.0,4.0,5.0,0,True,True,High-priority
428.49,2.08,86.33,1,7,428.4850000000002,2.0797,86.33000000000001,1.0,7.0,3.0,0,True,True,High-priority
429.47,2.44,104.07,1,7,429.46900000000034,2.4434,104.07,1.0,7.0,5.0,0,True,True,High-priority
429.52,1.67,78.62,1,8,429.51700000000034,1.6682999999999997,78.62,1.0,8.0,6.0,0,True,True,High-priority
429.56,2.15,94.91,2,5,429.5570000000002,2.1454999999999997,94.91,2.0,5.0,3.0,0,True,True,High-priority
430.41,4.98,92.04,0,7,430.4120000000001,4.981200000000005,92.04,0.0,7.0,6.0,0,True,True,High-priority
430.42,-0.18,122.09,1,10,430.42100000000033,-0.182099999999999,122.09,1.0,9.0,3.0,0,True,True,High-priority
430.5,3.65,64.61,0,7,430.4970000000002,3.6543000000000023,64.61000000000001,0.0,7.0,8.0,0,True,True,High-priority
430.63,4.68,58.92,2,4,430.6290000000003,4.684700000000005,58.92,2.0,4.0,0.0,0,True,True,High-priority
431.57,4.26,84.08,2,5,431.57300000000015,4.256320000000003,84.08000000000001,2.0,5.0,10.0,0,True,True,High-priority
431.66,3.68,63.93,3,4,431.6610000000003,3.678100000000004,63.93000000000001,3.0,4.0,0.0,0,True,True,High-priority
432.55,0.71,128.25,4,7,432.5460000000003,0.7125200000000002,128.25,4.0,7.0,3.0,0,True,True,High-priority
432.56,4.03,86.74,0,6,432.5570000000003,4.032300000000003,86.74000000000001,0.0,6.0,4.0,0,True,True,High-priority
432.62,2.28,64.68,2,6,432.6150000000002,2.2793,64.68,2.0,6.0,7.0,0,True,True,High-priority
433.42,3.94,93.18,0,8,433.4160000000002,3.9428000000000023,93.18000000000002,0.0,8.0,6.0,0,True,True,High-priority
433.5,4.79,68.23,1,6,433.5040000000002,4.785900000000005,68.23,1.0,6.0,7.0,0,True,True,High-priority
433.51,4.43,97.22,2,5,433.5080000000002,4.432420000000003,97.21999999999998,2.0,5.0,7.0,0,True,True,High-priority
433.51,1.65,98.74,3,5,433.50800000000027,1.6473399999999991,98.74,3.0,5.0,4.0,0,True,True,High-priority
433.51,3.3,115.98,4,4,433.5120000000001,3.297200000000001,115.98000000000002,4.0,4.0,7.0,0,True,True,High-priority
433.53,1.77,115.81,3,5,433.53000000000014,1.7651000000000003,115.81000000000002,3.0,5.0,6.0,0,True,True,High-priority
434.49,2.4,136.68,5,8,434.4850000000003,2.3958000000000004,136.68,5.0,8.0,10.0,0,True,True,High-priority
434.53,3.1,106.2,2,7,434.52900000000017,3.100100000000002,106.20000000000002,2.0,7.0,2.0,0,True,True,High-priority
434.59,-0.03,97.02,3,5,434.58500000000026,-0.0318999999999947,97.02,3.0,5.0,6.0,0,True,True,High-priority
435.34,2.58,100.74,1,8,435.34000000000015,2.5839,100.74,1.0,8.0,6.0,0,True,True,High-priority
436.5,1.02,111.52,2,8,436.5010000000003,1.0167999999999988,111.52,2.0,8.0,3.0,0,True,True,High-priority
436.53,1.89,127.84,4,5,436.5340000000002,1.8919,127.84000000000002,4.0,5.0,9.0,0,True,True,High-priority
436.56,1.82,82.7,3,5,436.55600000000015,1.822700000000001,82.7,3.0,5.0,9.0,0,True,True,High-priority
437.4,2.49,111.6,1,7,437.4040000000002,2.4859,111.6,1.0,7.0,5.0,0,True,True,High-priority
437.5,3.15,91.67,1,5,437.49600000000027,3.1523200000000022,91.67,1.0,5.0,5.0,0,True,True,High-priority
437.54,3.8,99.02,4,5,437.5360000000002,3.795600000000004,99.02,4.0,5.0,4.0,0,True,True,High-priority
438.37,4.71,48.13,2,2,438.3690000000001,4.712400000000003,48.13,2.0,2.0,3.0,0,True,True,High-priority
438.48,4.29,127.45,5,7,438.47600000000017,4.286600000000006,127.45000000000002,5.0,7.0,7.0,0,True,True,High-priority
438.48,3.1,106.97,1,7,438.4760000000002,3.0953000000000017,106.97,1.0,7.0,6.0,0,True,True,High-priority
439.6,3.58,62.3,1,5,439.5960000000002,3.581400000000003,62.3,1.0,5.0,4.0,0,True,True,High-priority
440.46,1.84,110.3,1,7,440.4560000000003,1.837,110.3,1.0,7.0,6.0,0,True,True,High-priority
440.47,-0.49,132.03,1,9,440.47000000000025,-0.4896999999999976,132.03,1.0,9.0,3.0,0,True,True,High-priority
441.48,4.6,79.98,1,5,441.4830000000001,4.603520000000005,79.98,1.0,5.0,5.0,0,True,True,High-priority
441.48,3.08,99.31,1,9,441.4840000000002,3.0789000000000017,99.31000000000002,1.0,9.0,8.0,0,True,True,High-priority
441.51,2.96,97.92,3,6,441.50900000000007,2.959100000000001,97.92000000000002,3.0,6.0,5.0,0,True,True,High-priority
441.53,2.59,79.69,0,7,441.5340000000003,2.5920000000000005,79.69,0.0,6.0,3.0,0,True,True,High-priority
441.57,3.59,60.53,0,6,441.5680000000004,3.5889000000000024,60.53,0.0,6.0,4.0,0,True,True,High-priority
443.46,2.07,104.73,1,6,443.46300000000014,2.0710999999999995,104.73,1.0,6.0,3.0,0,True,True,High-priority
443.58,4.21,110.02,5,5,443.5840000000002,4.208300000000003,110.02,5.0,5.0,6.0,0,True,True,High-priority
444.4,4.04,115.43,2,8,444.39500000000015,4.040900000000003,115.43000000000002,2.0,8.0,2.0,0,True,True,High-priority
444.4,4.18,93.43,0,8,444.3950000000002,4.179100000000004,93.43000000000002,0.0,8.0,3.0,0,True,True,High-priority
444.54,4.87,82.7,3,4,444.5350000000001,4.869400000000003,82.7,3.0,4.0,7.0,0,True,True,High-priority
444.58,3.26,88.33,1,7,444.5820000000001,3.2628200000000014,88.33,1.0,7.0,6.0,0,True,True,High-priority
444.96,2.4,77.82,2,5,444.9630000000002,2.4027000000000003,77.82000000000001,2.0,5.0,7.0,0,True,True,High-priority
445.52,3.95,85.35,2,5,445.5190000000002,3.9452000000000025,85.35,2.0,4.0,6.0,0,True,True,High-priority
445.54,2.02,97.71,1,6,445.5410000000002,2.0247,97.71,1.0,5.0,7.0,0,True,True,High-priority
445.61,3.46,53.4,1,5,445.6110000000001,3.4601000000000024,53.400000000000006,1.0,4.0,5.0,0,True,True,High-priority
445.64,3.9,80.59,2,4,445.6440000000003,3.898900000000003,80.59,2.0,4.0,0.0,0,True,True,High-priority
446.46,4.39,103.79,1,8,446.4590000000002,4.392600000000003,103.79,1.0,7.0,4.0,0,True,True,High-priority
446.51,1.22,121.6,3,5,446.5070000000002,1.2236200000000006,121.6,3.0,5.0,6.0,0,True,True,High-priority
446.62,1.9,97.19,4,7,446.6170000000003,1.89914,97.19,4.0,7.0,5.0,0,True,True,High-priority
446.97,2.1,108.75,3,7,446.96800000000025,2.104799999999999,108.75,3.0,7.0,9.0,0,True,True,High-priority
447.54,4.74,97.22,2,5,447.5350000000002,4.740840000000004,97.21999999999998,2.0,5.0,7.0,0,True,True,High-priority
448.51,1.97,116.2,1,8,448.51200000000034,1.9745999999999997,116.20000000000002,1.0,8.0,4.0,0,True,True,High-priority
448.52,3.0,85.69,1,7,448.5230000000002,2.9983000000000013,85.69,1.0,6.0,7.0,0,True,True,High-priority
448.57,2.53,79.43,1,7,448.5710000000001,2.5299000000000005,79.42999999999999,1.0,6.0,9.0,0,True,True,High-priority
448.57,4.64,90.88,3,5,448.5710000000002,4.643820000000003,90.88,3.0,5.0,3.0,0,True,True,High-priority
448.73,4.11,29.1,1,1,448.734,4.1063,29.1,1.0,1.0,0.0,0,True,True,High-priority
449.54,1.18,87.97,1,8,449.5440000000002,1.183700000000001,87.97000000000001,1.0,8.0,5.0,0,True,True,High-priority
450.5,1.75,94.92,1,8,450.4950000000003,1.74652,94.92000000000002,1.0,7.0,5.0,0,True,True,High-priority
450.54,-0.45,115.22,2,8,450.5380000000002,-0.4476000000000006,115.22,2.0,8.0,2.0,0,True,True,High-priority
450.57,3.26,99.13,1,7,450.57200000000034,3.264000000000001,99.13,1.0,7.0,4.0,0,True,True,High-priority
450.7,4.63,80.92,4,4,450.7040000000002,4.627000000000004,80.92,4.0,4.0,5.0,0,True,True,High-priority
451.56,-0.02,100.85,3,8,451.5600000000002,-0.0190999999999974,100.85000000000002,3.0,8.0,5.0,0,True,True,High-priority
451.61,4.39,83.81,2,5,451.6110000000003,4.394100000000004,83.81,2.0,5.0,5.0,0,True,True,High-priority
452.5,0.61,131.75,3,9,452.50000000000017,0.6063999999999995,131.75,3.0,9.0,4.0,0,True,True,High-priority
452.55,1.74,89.05,3,6,452.55100000000016,1.7442999999999995,89.05000000000001,3.0,6.0,8.0,0,True,True,High-priority
453.54,2.07,125.3,4,7,453.54300000000006,2.0669399999999998,125.3,4.0,7.0,9.0,0,True,True,High-priority
454.53,-1.67,135.45,3,9,454.5260000000002,-1.666499999999998,135.45,3.0,9.0,1.0,0,True,True,High-priority
455.47,1.16,127.17,2,7,455.4670000000003,1.1561,127.17,2.0,6.0,7.0,0,True,True,High-priority
455.51,2.35,110.11,2,6,455.5110000000004,2.3534,110.11,2.0,6.0,9.0,0,True,True,High-priority
455.53,3.55,105.84,2,6,455.53200000000015,3.545420000000002,105.84,2.0,6.0,10.0,0,True,True,High-priority
455.54,-0.65,138.01,2,7,455.53700000000026,-0.654299999999997,138.01,2.0,7.0,7.0,0,True,True,High-priority
456.58,3.73,97.74,1,6,456.5790000000003,3.729300000000003,97.74,1.0,6.0,1.0,0,True,True,High-priority
456.62,4.36,83.83,2,5,456.62300000000033,4.364100000000004,83.83000000000001,2.0,5.0,4.0,0,True,True,High-priority
457.41,2.81,86.99,3,5,457.40500000000026,2.806000000000001,86.99000000000001,3.0,5.0,4.0,0,True,True,High-priority
457.62,2.95,62.32,0,5,457.6150000000002,2.954100000000002,62.32000000000001,0.0,5.0,8.0,0,True,True,High-priority
458.52,2.91,84.0,1,6,458.51800000000014,2.9147000000000007,84.0,1.0,6.0,3.0,0,True,True,High-priority
458.52,2.91,84.0,1,6,458.51800000000014,2.9147000000000007,84.0,1.0,6.0,3.0,0,True,True,High-priority
458.55,4.51,80.29,0,7,458.55100000000033,4.507900000000004,80.29,0.0,7.0,9.0,0,True,True,High-priority
459.51,0.92,122.61,2,5,459.50600000000026,0.9198799999999998,122.61,2.0,5.0,4.0,0,True,True,High-priority
459.52,2.77,99.31,3,7,459.52400000000017,2.7737000000000007,99.31000000000002,3.0,7.0,6.0,0,True,True,High-priority
459.88,3.13,115.07,2,6,459.8820000000002,3.126620000000001,115.07,2.0,6.0,8.0,0,True,True,High-priority
460.61,4.13,93.06,2,6,460.6110000000002,4.129600000000004,93.06,2.0,6.0,1.0,0,True,True,High-priority
461.51,3.05,107.67,1,9,461.5110000000004,3.052100000000001,107.67000000000002,1.0,9.0,9.0,0,True,True,High-priority
461.57,2.98,80.91,2,4,461.5660000000003,2.983100000000001,80.91,2.0,4.0,5.0,0,True,True,High-priority
462.46,2.76,138.85,3,6,462.4580000000002,2.7642200000000017,138.85000000000002,3.0,6.0,8.0,0,True,True,High-priority
462.58,4.03,99.13,1,7,462.58300000000025,4.025300000000004,99.13,1.0,7.0,4.0,0,True,True,High-priority
463.51,4.04,102.68,1,6,463.5110000000002,4.035040000000003,102.68,1.0,6.0,6.0,0,True,True,High-priority
463.53,4.21,68.15,0,7,463.5300000000002,4.2066000000000034,68.15,0.0,6.0,4.0,0,True,True,High-priority
463.53,4.71,94.84,1,6,463.5300000000004,4.713200000000004,94.84,1.0,6.0,5.0,0,True,True,High-priority
465.59,2.31,102.37,1,8,465.5870000000004,2.3105,102.37,1.0,8.0,4.0,0,True,True,High-priority
465.63,1.81,69.62,1,7,465.63100000000026,1.810200000000002,69.62000000000002,1.0,7.0,7.0,0,True,True,High-priority
466.5,4.6,90.01,2,7,466.4970000000003,4.596200000000003,90.00999999999999,2.0,5.0,1.0,0,True,True,High-priority
466.57,3.15,91.82,2,6,466.5740000000002,3.1528000000000023,91.82,2.0,6.0,2.0,0,True,True,High-priority
466.58,3.76,108.56,2,6,466.58200000000033,3.7642200000000017,108.56,2.0,6.0,8.0,0,True,True,High-priority
466.66,2.53,118.22,5,6,466.6590000000003,2.5308,118.22,5.0,6.0,5.0,0,True,True,High-priority
467.27,1.48,126.18,2,8,467.2720000000001,1.4761000000000009,126.18,2.0,8.0,5.0,0,True,True,High-priority
468.46,3.57,138.07,5,9,468.45800000000025,3.5700000000000025,138.07000000000002,5.0,9.0,6.0,0,True,True,High-priority
468.46,2.68,120.47,1,8,468.4620000000002,2.6792000000000007,120.47,1.0,8.0,7.0,0,True,True,High-priority
468.99,3.12,99.27,4,5,468.98500000000007,3.115500000000002,99.27,4.0,5.0,9.0,0,True,True,High-priority
469.55,4.58,107.61,4,3,469.5450000000002,4.575500000000003,107.61,4.0,3.0,7.0,0,True,True,High-priority
471.6,2.79,125.55,4,9,471.6020000000002,2.7909999999999995,125.55,4.0,8.0,5.0,0,True,True,High-priority
472.53,4.7,133.52,4,8,472.5340000000003,4.697840000000005,133.52,4.0,8.0,6.0,0,True,True,High-priority
472.58,4.44,95.97,0,7,472.5780000000004,4.440200000000004,95.97000000000004,0.0,7.0,5.0,0,True,True,High-priority
473.14,3.43,83.0,2,4,473.1410000000001,3.4255000000000013,83.0,2.0,4.0,8.0,0,True,True,High-priority
473.62,4.16,60.93,0,3,473.61700000000025,4.158540000000004,60.93000000000001,0.0,3.0,3.0,0,True,True,High-priority
473.62,0.52,133.83,4,8,473.61700000000025,0.5245000000000006,133.83,4.0,8.0,1.0,0,True,True,High-priority
474.31,4.41,100.21,2,6,474.3070000000003,4.410820000000004,100.21,2.0,6.0,5.0,0,True,True,High-priority
474.55,3.9,105.2,0,8,474.5500000000003,3.9021000000000026,105.20000000000002,0.0,8.0,3.0,0,True,True,High-priority
474.55,3.45,112.27,1,8,474.5500000000003,3.4474000000000027,112.27,1.0,8.0,3.0,0,True,True,High-priority
474.6,3.23,125.29,3,6,474.5980000000003,3.231200000000001,125.29,3.0,6.0,6.0,0,True,True,High-priority
475.03,2.27,65.12,1,5,475.0330000000004,2.2748,65.12,1.0,5.0,4.0,0,True,True,High-priority
475.55,2.31,90.14,2,5,475.5490000000004,2.3087,90.14,2.0,5.0,4.0,0,True,True,High-priority
475.59,4.41,74.87,1,4,475.5890000000003,4.405200000000003,74.87,1.0,4.0,6.0,0,True,True,High-priority
475.66,3.5,87.74,2,5,475.6550000000003,3.497200000000002,87.74000000000001,2.0,5.0,10.0,0,True,True,High-priority
476.44,2.71,107.34,0,10,476.4410000000002,2.7078000000000007,107.34000000000002,0.0,9.0,3.0,0,True,True,High-priority
476.56,3.92,107.02,3,4,476.55800000000016,3.916800000000002,107.02,3.0,4.0,7.0,0,True,True,High-priority
477.61,0.98,84.91,1,7,477.61300000000034,0.978700000000002,84.91,1.0,7.0,6.0,0,True,True,High-priority
478.63,4.33,95.5,3,4,478.6330000000002,4.325400000000003,95.5,3.0,4.0,1.0,0,True,True,High-priority
478.67,3.31,107.22,4,6,478.6700000000003,3.310100000000001,107.22,4.0,6.0,5.0,0,True,True,High-priority
479.49,4.71,83.83,0,7,479.4850000000002,4.709900000000005,83.83000000000001,0.0,6.0,5.0,0,True,True,High-priority
479.65,3.92,78.51,2,4,479.6460000000002,3.924800000000003,78.51,2.0,4.0,8.0,0,True,True,High-priority
480.65,4.94,52.19,1,6,480.64900000000034,4.943400000000005,52.19000000000001,1.0,6.0,7.0,0,True,True,High-priority
481.53,2.62,138.66,2,8,481.5250000000003,2.61892,138.66,2.0,8.0,5.0,0,True,True,High-priority
481.54,2.59,120.83,1,8,481.5420000000003,2.5934,120.83000000000004,1.0,8.0,5.0,0,True,True,High-priority
481.55,4.73,98.44,1,8,481.5450000000004,4.733900000000005,98.44,1.0,8.0,7.0,0,True,True,High-priority
481.63,3.23,95.86,3,5,481.6330000000003,3.226000000000002,95.86,3.0,5.0,4.0,0,True,True,High-priority
482.96,2.45,108.36,1,8,482.9570000000002,2.4496,108.36,1.0,8.0,2.0,0,True,True,High-priority
483.6,-0.76,121.08,4,9,483.60200000000015,-0.7581999999999958,121.08000000000004,4.0,9.0,6.0,0,True,True,High-priority
483.63,3.35,87.74,2,5,483.6340000000004,3.354900000000001,87.74000000000001,2.0,5.0,6.0,0,True,True,High-priority
484.52,3.23,103.63,1,9,484.51600000000025,3.2292000000000014,103.62999999999998,1.0,8.0,5.0,0,True,True,High-priority
486.01,3.68,87.74,2,4,486.0120000000003,3.6781000000000015,87.74000000000001,2.0,4.0,7.0,0,True,True,High-priority
487.33,4.84,78.9,0,6,487.3270000000001,4.841600000000004,78.9,0.0,6.0,5.0,0,True,True,High-priority
488.71,4.89,97.99,4,4,488.7090000000003,4.887000000000005,97.99,4.0,4.0,5.0,0,True,True,High-priority
488.71,4.59,90.15,4,5,488.70900000000034,4.585400000000004,90.15,4.0,5.0,4.0,0,True,True,High-priority
489.61,3.08,125.04,3,5,489.6130000000004,3.075500000000001,125.04,3.0,5.0,8.0,0,True,True,High-priority
489.66,4.7,75.63,2,4,489.6560000000003,4.696700000000003,75.63,2.0,4.0,1.0,0,True,True,High-priority
492.57,1.72,136.43,2,9,492.5650000000002,1.7207999999999997,136.43,2.0,9.0,3.0,0,True,True,High-priority
492.66,3.2,104.53,3,4,492.66400000000016,3.203300000000003,104.53,3.0,4.0,10.0,0,True,True,High-priority
493.64,3.74,95.86,3,5,493.6440000000003,3.7381000000000033,95.86,3.0,5.0,3.0,0,True,True,High-priority
493.65,3.96,100.55,3,5,493.6480000000002,3.964400000000004,100.55,3.0,5.0,7.0,0,True,True,High-priority
494.22,4.58,61.83,0,5,494.2200000000002,4.580900000000004,61.83,0.0,5.0,8.0,0,True,True,High-priority
495.57,3.66,83.53,0,8,495.5720000000003,3.658400000000003,83.53000000000002,0.0,8.0,9.0,0,True,True,High-priority
495.58,2.91,88.62,0,7,495.57600000000025,2.9110000000000014,88.62,0.0,7.0,7.0,0,True,True,High-priority
496.56,2.92,135.04,2,8,496.55600000000027,2.924200000000002,135.04,2.0,8.0,6.0,0,True,True,High-priority
496.65,3.21,115.73,4,5,496.6480000000002,3.2100000000000017,115.73000000000002,4.0,5.0,1.0,0,True,True,High-priority
497.46,1.83,139.6,1,10,497.4560000000004,1.8308999999999995,139.6,1.0,10.0,8.0,0,True,True,High-priority
497.59,-0.97,127.15,3,9,497.5850000000004,-0.967599999999994,127.15,3.0,9.0,7.0,0,True,True,High-priority
497.93,4.54,96.97,0,8,497.9310000000003,4.540740000000003,96.97,0.0,7.0,7.0,0,True,True,High-priority
498.57,3.35,112.27,1,8,498.5720000000002,3.351600000000001,112.27,1.0,8.0,4.0,0,True,True,High-priority
499.52,3.41,121.24,4,7,499.5190000000002,3.4057000000000013,121.24000000000002,4.0,7.0,6.0,0,True,True,High-priority
